Id,Neighborhood,OverallCond,YearBuilt,TotalBsmtSF,1stFlrSF,2ndFlrSF,GrLivArea,BedroomAbvGr,KitchenQual,GarageCond
1,CollgCr,5,2003,856,856,854,1710,3,Gd,TA
2,Veenker,8,1976,1262,1262,0,1262,3,TA,TA
3,CollgCr,5,2001,920,920,866,1786,3,Gd,TA
4,Crawfor,5,1915,756,961,756,1717,3,Gd,TA
5,NoRidge,5,2000,1145,1145,1053,2198,4,Gd,TA
6,Mitchel,5,1993,796,796,566,1362,1,TA,TA
7,Somerst,5,2004,1686,1694,0,1694,3,Gd,TA
8,NWAmes,6,1973,1107,1107,983,2090,3,TA,TA
9,OldTown,5,1931,952,1022,752,1774,2,TA,TA
10,BrkSide,6,1939,991,1077,0,1077,2,TA,TA
11,Sawyer,5,1965,1040,1040,0,1040,3,TA,TA
12,NridgHt,5,2005,1175,1182,1142,2324,4,Ex,TA
13,Sawyer,6,1962,912,912,0,912,2,TA,TA
14,CollgCr,5,2006,1494,1494,0,1494,3,Gd,TA
15,NAmes,5,1960,1253,1253,0,1253,2,TA,TA
16,BrkSide,8,1929,832,854,0,854,2,TA,TA
17,NAmes,7,1970,1004,1004,0,1004,2,TA,TA
18,Sawyer,5,1967,0,1296,0,1296,2,TA,TA
19,SawyerW,5,2004,1114,1114,0,1114,3,Gd,TA
20,NAmes,6,1958,1029,1339,0,1339,3,TA,TA
21,NridgHt,5,2005,1158,1158,1218,2376,4,Gd,TA
22,IDOTRR,7,1930,637,1108,0,1108,3,Gd,TA
23,CollgCr,5,2002,1777,1795,0,1795,3,Gd,TA
24,MeadowV,7,1976,1040,1060,0,1060,3,TA,TA
25,Sawyer,8,1968,1060,1060,0,1060,3,Gd,TA
26,NridgHt,5,2007,1566,1600,0,1600,3,Gd,TA
27,NAmes,7,1951,900,900,0,900,3,Gd,TA
28,NridgHt,5,2007,1704,1704,0,1704,3,Gd,TA
29,NAmes,6,1957,1484,1600,0,1600,2,TA,TA
30,BrkSide,6,1927,520,520,0,520,1,Fa,TA
31,IDOTRR,4,1920,649,649,668,1317,3,TA,Fa
32,Sawyer,6,1966,1228,1228,0,1228,3,Gd,TA
33,CollgCr,5,2007,1234,1234,0,1234,3,Gd,TA
34,NAmes,5,1959,1398,1700,0,1700,4,Gd,TA
35,NridgHt,5,2005,1561,1561,0,1561,2,Ex,TA
36,NridgHt,5,2004,1117,1132,1320,2452,4,Gd,TA
37,CollgCr,5,1994,1097,1097,0,1097,3,TA,TA
38,NAmes,6,1954,1297,1297,0,1297,3,TA,TA
39,NAmes,7,1953,1057,1057,0,1057,3,Gd,TA
40,Edwards,5,1955,0,1152,0,1152,2,Fa,
41,NAmes,5,1965,1088,1324,0,1324,3,TA,TA
42,Timber,6,1959,1350,1328,0,1328,2,TA,TA
43,SawyerW,7,1983,840,884,0,884,2,Gd,Gd
44,CollgCr,6,1975,938,938,0,938,3,TA,TA
45,NAmes,6,1959,1150,1150,0,1150,3,TA,TA
46,NridgHt,5,2005,1752,1752,0,1752,2,Ex,TA
47,Mitchel,5,2003,1434,1518,631,2149,1,Gd,TA
48,Somerst,5,2006,1656,1656,0,1656,3,Gd,TA
49,OldTown,5,1920,736,736,716,1452,2,TA,
50,Sawyer,7,1966,955,955,0,955,3,TA,TA
51,Gilbert,6,1997,794,794,676,1470,3,TA,TA
52,BrkSide,6,1934,816,816,0,1176,3,TA,TA
53,IDOTRR,5,1963,816,816,0,816,2,TA,TA
54,Veenker,5,1981,1842,1842,0,1842,0,Gd,TA
55,NAmes,5,1955,384,1360,0,1360,3,TA,TA
56,NAmes,5,1964,1425,1425,0,1425,3,TA,TA
57,Somerst,5,1999,970,983,756,1739,3,Gd,TA
58,CollgCr,5,2004,860,860,860,1720,3,Gd,TA
59,StoneBr,5,2006,1410,1426,1519,2945,3,Gd,TA
60,CollgCr,7,1972,780,780,0,780,2,TA,TA
61,SawyerW,5,2004,1158,1158,0,1158,3,Gd,TA
62,IDOTRR,7,1920,530,581,530,1111,3,Fa,TA
63,NridgHt,5,2006,1370,1370,0,1370,2,Gd,TA
64,OldTown,6,1921,576,902,808,1710,3,TA,TA
65,CollgCr,5,1997,1057,1057,977,2034,3,Gd,TA
66,NridgHt,5,2004,1143,1143,1330,2473,4,Gd,TA
67,NAmes,5,1970,1947,2207,0,2207,3,TA,TA
68,CollgCr,5,2003,1453,1479,0,1479,3,Gd,TA
69,OldTown,6,1945,747,747,0,747,2,TA,TA
70,ClearCr,4,1953,1304,1304,983,2287,3,TA,TA
71,NAmes,6,1973,2223,2223,0,2223,3,TA,TA
72,Mitchel,6,1982,845,845,0,845,2,TA,TA
73,Gilbert,5,1998,832,885,833,1718,3,TA,TA
74,NAmes,7,1954,1086,1086,0,1086,3,TA,TA
75,OldTown,6,1915,840,840,765,1605,3,TA,TA
76,MeadowV,5,1973,462,526,462,988,2,TA,TA
77,NAmes,7,1956,952,952,0,952,2,TA,TA
78,BrkSide,5,1948,672,1072,213,1285,2,TA,TA
79,Sawyer,5,1968,1768,1768,0,1768,4,TA,
80,OldTown,6,1910,440,682,548,1230,2,TA,TA
81,NAmes,6,1968,896,1182,960,2142,4,Gd,TA
82,Mitchel,5,1998,1237,1337,0,1337,2,TA,TA
83,Somerst,5,2007,1563,1563,0,1563,3,Gd,TA
84,NAmes,5,1960,1065,1065,0,1065,3,TA,TA
85,Gilbert,5,1995,384,804,670,1474,3,TA,TA
86,NoRidge,5,1991,1288,1301,1116,2417,4,Gd,TA
87,Gilbert,5,2005,684,684,876,1560,3,Gd,TA
88,Somerst,5,2009,612,612,612,1224,2,Gd,TA
89,IDOTRR,2,1915,1013,1013,0,1526,2,Fa,
90,CollgCr,5,1994,990,990,0,990,3,TA,
91,NAmes,5,1950,0,1040,0,1040,2,TA,TA
92,NAmes,3,1961,1235,1235,0,1235,2,TA,TA
93,Crawfor,7,1921,876,964,0,964,2,TA,TA
94,OldTown,6,1910,1214,1260,1031,2291,4,TA,TA
95,CollgCr,5,1997,824,905,881,1786,3,Gd,TA
96,Gilbert,8,1993,680,680,790,1470,3,TA,TA
97,CollgCr,5,1999,1588,1588,0,1588,3,Gd,TA
98,Edwards,5,1965,960,960,0,960,3,TA,TA
99,Edwards,5,1920,458,835,0,835,2,TA,TA
100,NAmes,5,1959,950,1225,0,1225,3,TA,
101,NWAmes,7,1977,1610,1610,0,1610,3,Gd,TA
102,SawyerW,5,1985,741,977,755,1732,3,Gd,TA
103,SawyerW,5,1979,0,1535,0,1535,4,TA,TA
104,CollgCr,5,2009,1226,1226,0,1226,3,Gd,TA
105,IDOTRR,4,1931,1040,1226,592,1818,4,TA,TA
106,Somerst,5,2003,1053,1053,939,1992,3,Gd,TA
107,OldTown,7,1885,641,1047,0,1047,2,TA,Fa
108,OldTown,5,1948,789,789,0,789,2,TA,TA
109,IDOTRR,7,1919,793,997,520,1517,3,Fa,
110,NWAmes,6,1977,1844,1844,0,1844,3,TA,TA
111,Edwards,4,1954,994,1216,639,1855,4,TA,TA
112,Gilbert,5,2000,384,774,656,1430,3,TA,TA
113,CollgCr,5,2007,1264,1282,1414,2696,4,Ex,TA
114,Crawfor,5,1953,1809,2259,0,2259,3,Gd,TA
115,Crawfor,8,1945,1028,1436,884,2320,3,Gd,TA
116,Somerst,5,1999,729,729,729,1458,2,TA,TA
117,Sawyer,5,1962,1092,1092,0,1092,3,TA,TA
118,Edwards,5,2006,1125,1125,0,1125,2,TA,TA
119,SawyerW,5,1990,1673,1699,1523,3222,5,Gd,TA
120,CollgCr,5,2005,728,728,728,1456,3,Gd,TA
121,ClearCr,5,1969,938,988,0,988,1,TA,TA
122,IDOTRR,5,1939,732,772,351,1123,3,TA,TA
123,NAmes,7,1958,1080,1080,0,1080,3,TA,TA
124,SawyerW,5,1993,1199,1199,0,1199,2,Gd,TA
125,NWAmes,5,1979,1362,1586,0,1586,3,TA,TA
126,IDOTRR,8,1935,520,520,0,754,2,TA,
127,NPkVill,5,1976,1078,958,0,958,2,TA,TA
128,OldTown,7,1930,672,840,0,840,3,TA,
129,NAmes,5,1966,660,660,688,1348,3,TA,TA
130,NAmes,7,1958,1008,1053,0,1053,3,Ex,TA
131,NAmes,6,1966,924,1216,941,2157,4,Gd,TA
132,Gilbert,5,2000,992,1022,1032,2054,3,Gd,TA
133,NAmes,6,1959,1063,1327,0,1327,3,Gd,TA
134,Timber,5,2001,1267,1296,0,1296,2,Gd,TA
135,Sawyer,6,1968,1461,1721,0,1721,3,TA,TA
136,NWAmes,6,1970,1304,1682,0,1682,3,TA,TA
137,NAmes,5,1967,1214,1214,0,1214,3,TA,TA
138,Mitchel,5,1988,1907,1959,0,1959,5,TA,TA
139,CollgCr,5,1999,1004,1004,848,1852,3,Gd,TA
140,CollgCr,5,1997,928,928,836,1764,3,Gd,TA
141,NAmes,5,1971,864,864,0,864,3,TA,
142,CollgCr,5,2005,1734,1734,0,1734,3,Gd,TA
143,NAmes,4,1952,910,910,475,1385,4,TA,TA
144,CollgCr,5,1999,1490,1501,0,1501,3,Gd,TA
145,Sawyer,5,1963,1728,1728,0,1728,6,TA,TA
146,Edwards,5,2004,970,970,739,1709,3,Gd,TA
147,BrkSide,7,1931,715,875,0,875,2,TA,TA
148,Gilbert,5,2001,884,884,1151,2035,3,Gd,TA
149,SawyerW,5,2004,1080,1080,0,1080,3,Gd,
150,BrkSide,4,1936,896,896,448,1344,3,TA,TA
151,CollgCr,6,1975,969,969,0,969,3,TA,TA
152,NridgHt,5,2007,1710,1710,0,1710,2,Gd,TA
153,NWAmes,5,1971,825,1097,896,1993,4,TA,TA
154,ClearCr,7,1960,1602,1252,0,1252,1,TA,TA
155,OldTown,5,1923,1200,1200,0,1200,4,TA,Fa
156,Edwards,5,1924,572,572,524,1096,2,TA,
157,NAmes,7,1950,0,1040,0,1040,2,TA,TA
158,Timber,5,2009,774,774,1194,1968,4,Ex,TA
159,Somerst,5,2004,991,991,956,1947,3,Gd,TA
160,Gilbert,5,2005,1392,1392,1070,2462,4,Gd,TA
161,Veenker,6,1984,1232,1232,0,1232,3,TA,TA
162,NridgHt,5,2003,1572,1572,1096,2668,3,Ex,TA
163,NridgHt,5,2005,1541,1541,0,1541,3,Gd,TA
164,OldTown,6,1956,882,882,0,882,1,TA,
165,OldTown,7,1926,1149,1149,467,1616,3,Gd,TA
166,Edwards,7,1940,644,808,547,1355,4,TA,
167,ClearCr,5,1955,1617,1867,0,1867,2,TA,TA
168,NridgHt,5,2007,1582,1610,551,2161,3,Ex,TA
169,Gilbert,5,2004,840,840,880,1720,3,Gd,TA
170,Timber,6,1981,1686,1707,0,1707,2,TA,TA
171,OldTown,6,1941,720,854,0,1382,2,TA,TA
172,NAmes,5,1960,1080,1656,0,1656,3,TA,TA
173,StoneBr,7,1987,1064,1064,703,1767,2,Gd,TA
174,NAmes,5,1961,1362,1362,0,1362,3,TA,TA
175,Timber,5,1986,1606,1651,0,1651,3,TA,TA
176,Edwards,7,1950,1202,2158,0,2158,4,Gd,TA
177,ClearCr,5,1988,1151,1164,896,2060,4,TA,TA
178,Sawyer,5,1958,1052,1252,668,1920,4,Gd,TA
179,StoneBr,5,2008,2216,2234,0,2234,1,Ex,TA
180,OldTown,6,1923,968,968,0,968,2,TA,TA
181,Somerst,5,2000,756,769,756,1525,3,Gd,TA
182,Crawfor,6,1920,793,901,901,1802,4,TA,TA
183,Edwards,6,1957,0,1340,0,1340,3,TA,TA
184,OldTown,5,2003,1362,1362,720,2082,3,Gd,TA
185,BrkSide,8,1908,504,936,316,1252,3,TA,TA
186,OldTown,9,1892,1107,1518,1518,3608,4,Ex,TA
187,Mitchel,5,1990,1188,1217,0,1217,3,Gd,TA
188,OldTown,7,1916,660,808,704,1656,3,TA,Fa
189,SawyerW,5,1979,1086,1224,0,1224,2,TA,TA
190,StoneBr,5,2001,1593,1593,0,1593,0,Ex,TA
191,Crawfor,8,1932,853,1549,1178,2727,3,Gd,TA
192,NAmes,9,1972,725,725,754,1479,4,Gd,TA
193,CollgCr,5,1999,1431,1431,0,1431,3,Gd,TA
194,Edwards,5,2004,970,970,739,1709,3,Gd,TA
195,CollgCr,7,1972,864,864,0,864,3,TA,TA
196,NPkVill,6,1976,855,855,601,1456,3,TA,TA
197,Somerst,5,2007,1726,1726,0,1726,3,Ex,TA
198,NAmes,4,1918,1360,1360,1360,3112,4,Gd,TA
199,OldTown,6,1912,755,929,929,2229,5,TA,
200,NridgHt,5,2004,1713,1713,0,1713,3,Ex,TA
201,Edwards,5,2003,1121,1121,0,1121,2,TA,TA
202,Mitchel,6,1977,1196,1279,0,1279,3,TA,TA
203,OldTown,6,1924,617,865,445,1310,2,TA,TA
204,CollgCr,5,2004,848,848,0,848,1,Gd,TA
205,OldTown,7,1947,720,720,564,1284,2,TA,TA
206,Gilbert,5,1990,1424,1442,0,1442,3,TA,TA
207,Sawyer,5,1962,1140,1696,0,1696,3,TA,TA
208,NAmes,5,1960,1100,1100,0,1100,3,TA,TA
209,SawyerW,5,1988,1157,1180,882,2062,3,TA,TA
210,NAmes,7,1964,1092,1092,0,1092,3,TA,Gd
211,Edwards,6,1925,864,864,0,864,2,TA,
212,Edwards,5,2009,1212,1212,0,1212,3,Gd,TA
213,Somerst,5,2009,900,932,920,1852,3,Gd,TA
214,CollgCr,5,1995,990,990,0,990,3,TA,TA
215,CollgCr,7,1977,689,689,703,1392,3,TA,TA
216,NAmes,6,1957,1070,1236,0,1236,2,Gd,TA
217,CollgCr,5,2004,1436,1436,0,1436,3,Gd,TA
218,OldTown,4,1925,686,810,518,1328,3,TA,TA
219,Crawfor,9,1939,798,1137,817,1954,3,Gd,TA
220,Blmngtn,5,2005,1248,1248,0,1248,2,Gd,TA
221,CollgCr,5,2006,1498,1498,0,1498,2,Gd,TA
222,Gilbert,5,2002,1010,1010,1257,2267,4,Gd,TA
223,NWAmes,6,1975,713,811,741,1552,3,TA,TA
224,NAmes,6,1971,864,864,0,864,2,TA,TA
225,NridgHt,5,2003,2392,2392,0,2392,3,Ex,TA
226,BrDale,5,1971,630,630,672,1302,3,TA,TA
227,NoRidge,5,1995,1203,1214,1306,2520,4,Gd,TA
228,BrDale,6,1970,483,483,504,987,2,TA,TA
229,Sawyer,5,1967,912,912,0,912,3,TA,TA
230,Blmngtn,5,2005,1373,1555,0,1555,2,Gd,TA
231,NAmes,6,1959,1194,1194,0,1194,3,TA,TA
232,NoRidge,5,1995,1462,1490,1304,2794,4,Ex,TA
233,BrDale,5,1972,483,483,504,987,2,TA,TA
234,CollgCr,6,1976,894,894,0,894,3,TA,TA
235,Gilbert,5,2002,860,860,1100,1960,4,Gd,TA
236,BrDale,3,1971,483,483,504,987,2,TA,TA
237,CollgCr,5,2004,1414,1414,0,1414,3,Gd,TA
238,SawyerW,7,1993,996,1014,730,1744,3,Gd,TA
239,NridgHt,5,2007,1694,1694,0,1694,3,Gd,TA
240,Edwards,4,1945,735,798,689,1487,3,TA,TA
241,Somerst,5,2008,1566,1566,0,1566,3,Gd,TA
242,OldTown,9,1945,686,866,0,866,2,Gd,
243,OldTown,4,1900,540,889,551,1440,3,TA,TA
244,SawyerW,6,1980,626,626,591,1217,3,TA,TA
245,SawyerW,5,1994,948,1222,888,2110,3,Gd,TA
246,NWAmes,5,1988,1845,1872,0,1872,3,TA,TA
247,OldTown,8,1910,1020,908,1020,1928,4,Fa,Po
248,NAmes,5,1954,1367,1375,0,1375,2,TA,TA
249,CollgCr,5,2003,840,840,828,1668,3,Gd,TA
250,ClearCr,7,1958,1444,1444,700,2144,4,Gd,TA
251,BrkSide,2,1940,728,1306,0,1306,3,Fa,
252,Crawfor,5,2006,1573,1625,0,1625,2,Gd,TA
253,SawyerW,5,2004,798,798,842,1640,3,Gd,TA
254,NAmes,7,1964,1302,1302,0,1302,3,Gd,TA
255,NAmes,6,1957,1314,1314,0,1314,3,TA,TA
256,Gilbert,5,1999,975,1005,1286,2291,4,Gd,TA
257,Somerst,5,2003,864,864,864,1728,3,Gd,TA
258,CollgCr,5,2006,1604,1604,0,1604,3,Gd,TA
259,CollgCr,5,2001,963,963,829,1792,3,Gd,TA
260,OldTown,5,1956,0,882,0,882,2,TA,TA
261,NAmes,5,1962,1362,1382,0,1382,3,TA,TA
262,CollgCr,5,2007,1482,1482,1092,2574,3,Ex,TA
263,Sawyer,7,1977,506,1212,0,1212,3,TA,TA
264,OldTown,7,1929,926,926,0,1316,3,TA,TA
265,OldTown,5,1925,680,764,0,764,2,TA,TA
266,NWAmes,6,1981,1422,1422,0,1422,3,Gd,TA
267,Gilbert,5,1997,802,802,709,1511,3,TA,TA
268,SWISU,8,1939,720,1052,720,2192,4,Gd,TA
269,IDOTRR,6,1940,740,778,0,778,2,TA,Ex
270,Edwards,7,1976,1143,1113,0,1113,3,TA,Gd
271,Somerst,5,2006,1095,1095,844,1939,3,Gd,TA
272,ClearCr,7,1954,1385,1363,0,1363,2,TA,TA
273,NoRidge,7,1999,1152,1164,1106,2270,4,Gd,TA
274,NAmes,6,1958,1240,1632,0,1632,3,TA,TA
275,Mitchel,7,1982,816,816,0,816,2,TA,TA
276,BrkSide,7,1925,952,952,596,1548,3,Ex,TA
277,Mitchel,5,2003,1560,1560,0,1560,3,Gd,TA
278,Gilbert,5,1951,864,864,0,864,2,TA,TA
279,NridgHt,5,2006,2121,2121,0,2121,3,Ex,TA
280,ClearCr,5,1977,1160,1156,866,2022,4,TA,TA
281,SawyerW,6,1989,807,1175,807,1982,3,Gd,TA
282,Somerst,5,2006,1262,1262,0,1262,2,Gd,TA
283,NridgHt,5,2007,1314,1314,0,1314,2,Gd,TA
284,Somerst,5,2008,1468,1468,0,1468,3,Gd,TA
285,SawyerW,5,1992,1575,1575,0,1575,2,Gd,TA
286,Somerst,5,2006,625,625,625,1250,2,Gd,TA
287,NAmes,7,1962,912,1085,649,1734,3,Gd,TA
288,NAmes,4,1971,858,858,0,858,3,TA,
289,Sawyer,5,1967,882,900,0,900,3,TA,TA
290,BrkSide,7,1915,698,698,698,1396,3,TA,TA
291,CollgCr,5,2006,1079,1079,840,1919,3,Gd,TA
292,SWISU,6,1912,780,936,780,1716,6,Fa,
293,Edwards,4,1949,768,1148,568,1716,3,TA,TA
294,NWAmes,7,1977,795,1468,795,2263,3,Gd,TA
295,NAmes,5,1953,1416,1644,0,1644,3,TA,TA
296,Mitchel,6,1984,1003,1003,0,1003,3,TA,TA
297,IDOTRR,5,1950,910,910,648,1558,4,TA,TA
298,Somerst,5,1997,975,975,975,1950,3,Gd,TA
299,NWAmes,6,1968,702,1041,702,1743,3,TA,TA
300,Crawfor,8,1950,1092,1152,0,1152,3,Gd,TA
301,Crawfor,5,1953,1165,1336,0,1336,2,TA,TA
302,CollgCr,5,1998,1028,1210,1242,2452,4,Gd,TA
303,CollgCr,5,2001,1541,1541,0,1541,3,Gd,TA
304,CollgCr,7,1972,894,894,0,894,3,TA,TA
305,OldTown,9,1880,1470,1675,1818,3493,3,Gd,TA
306,CollgCr,5,2004,2000,2000,0,2000,3,Gd,TA
307,SawyerW,5,1990,700,1122,1121,2243,4,Gd,TA
308,IDOTRR,7,1920,319,1035,371,1406,3,Fa,
309,Edwards,5,1940,861,861,0,861,1,TA,TA
310,NridgHt,5,2003,1896,1944,0,1944,3,Ex,TA
311,Gilbert,5,1993,697,697,804,1501,3,Gd,TA
312,NAmes,6,1948,972,972,0,972,2,TA,TA
313,OldTown,7,1939,793,793,325,1118,3,TA,TA
314,Timber,5,1965,2136,2036,0,2036,3,TA,TA
315,OldTown,7,1925,728,832,809,1641,3,Ex,TA
316,Gilbert,5,2004,716,716,716,1432,3,Gd,TA
317,NWAmes,7,1980,845,1153,1200,2353,4,Ex,TA
318,Somerst,5,2006,1088,1088,871,1959,3,Gd,TA
319,NoRidge,5,1993,1347,1372,1274,2646,4,Gd,TA
320,NWAmes,5,1980,1372,1472,0,1472,3,TA,TA
321,NridgHt,5,2006,1249,1249,1347,2596,4,Gd,TA
322,NridgHt,5,2004,1136,1136,1332,2468,4,Gd,TA
323,SawyerW,5,1986,1502,1553,1177,2730,4,Gd,TA
324,OldTown,8,1955,1162,1163,0,1163,3,TA,TA
325,NAmes,7,1967,710,1898,1080,2978,5,Gd,TA
326,IDOTRR,6,1941,720,803,0,803,2,TA,TA
327,Veenker,5,1993,1719,1719,0,1719,1,Gd,TA
328,NAmes,5,1960,1383,1383,0,1383,3,TA,TA
329,BrkSide,6,1916,844,1445,689,2134,5,Gd,TA
330,IDOTRR,5,1920,596,596,596,1192,3,TA,Fa
331,NAmes,4,1964,1728,1728,0,1728,6,TA,TA
332,NAmes,6,1958,1056,1056,0,1056,3,TA,TA
333,NridgHt,5,2003,3206,1629,0,1629,3,Gd,TA
334,NridgHt,5,2004,1358,1358,0,1358,2,Gd,TA
335,Gilbert,5,1998,943,943,695,1638,3,TA,TA
336,Timber,6,1965,1499,1619,167,1786,3,TA,TA
337,StoneBr,5,2005,1922,1922,0,1922,3,Gd,TA
338,CollgCr,5,2002,1536,1536,0,1536,3,Gd,TA
339,NWAmes,7,1984,1208,1621,0,1621,3,Gd,TA
340,NAmes,7,1958,1215,1215,0,1215,3,TA,TA
341,Timber,5,2002,967,993,915,1908,4,Gd,TA
342,SawyerW,4,1950,721,841,0,841,2,TA,TA
343,NAmes,4,1949,0,1040,0,1040,2,TA,TA
344,NridgHt,5,2005,1684,1684,0,1684,2,Ex,TA
345,MeadowV,3,1976,536,536,576,1112,3,TA,TA
346,BrkSide,5,1939,972,972,605,1577,3,Fa,TA
347,NAmes,8,1960,958,958,0,958,2,TA,TA
348,NAmes,5,1960,1478,1478,0,1478,3,TA,TA
349,NridgHt,5,2003,764,764,862,1626,2,Gd,TA
350,NridgHt,5,2005,1848,1848,880,2728,4,Ex,TA
351,NridgHt,5,2007,1869,1869,0,1869,2,Ex,TA
352,ClearCr,5,1986,1453,1453,0,1453,2,Gd,TA
353,Edwards,6,1941,616,616,495,1111,3,TA,Fa
354,OldTown,8,1928,624,720,0,720,2,TA,TA
355,SWISU,5,1940,940,1192,403,1595,2,TA,TA
356,CollgCr,5,1995,1200,1200,0,1200,3,Gd,TA
357,Gilbert,6,1992,1158,1167,0,1167,3,Gd,TA
358,MeadowV,5,1976,1142,1142,0,1142,3,TA,TA
359,ClearCr,4,1958,1062,1352,0,1352,3,Gd,TA
360,NoRidge,5,1998,1086,1086,838,1924,3,Gd,TA
361,Mitchel,6,1978,888,912,0,912,2,TA,TA
362,BrkSide,5,1940,883,988,517,1505,3,TA,TA
363,Edwards,5,2003,0,495,1427,1922,4,Gd,TA
364,BrDale,8,1972,483,483,504,987,2,Gd,TA
365,NWAmes,5,1976,796,790,784,1574,3,TA,TA
366,IDOTRR,7,1920,672,672,672,1344,3,TA,Fa
367,NAmes,5,1963,1394,1394,0,1394,3,TA,TA
368,NAmes,5,1962,1099,1431,0,1431,3,TA,TA
369,NAmes,6,1954,1268,1268,0,1268,2,TA,TA
370,NAmes,7,1959,1063,1287,0,1287,3,Gd,TA
371,Gilbert,5,2000,953,953,711,1664,3,TA,TA
372,ClearCr,4,1959,0,1120,468,1588,4,TA,TA
373,SawyerW,5,1984,744,752,0,752,2,TA,TA
374,NAmes,6,1953,608,1319,0,1319,3,TA,TA
375,CollgCr,5,2003,847,847,1081,1928,4,Gd,TA
376,Edwards,1,1922,683,904,0,904,1,Fa,
377,CollgCr,5,1996,870,914,0,914,2,TA,TA
378,Somerst,5,2004,1580,1580,886,2466,4,Gd,TA
379,StoneBr,2,2010,1856,1856,0,1856,1,Ex,TA
380,Gilbert,5,2000,982,1007,793,1800,3,TA,TA
381,SWISU,6,1924,1026,1026,665,1691,3,Gd,TA
382,Somerst,5,2006,1293,1301,0,1301,2,Gd,TA
383,CollgCr,5,2006,939,939,858,1797,3,Gd,TA
384,SawyerW,3,1928,784,784,0,784,2,TA,Fa
385,ClearCr,5,1992,1580,1079,874,1953,3,Gd,TA
386,Blmngtn,5,2004,1256,1269,0,1269,2,Gd,TA
387,Edwards,3,1910,658,658,526,1184,5,TA,
388,Edwards,6,1976,1041,1125,0,1125,3,TA,TA
389,CollgCr,5,1999,1468,1479,0,1479,3,Gd,TA
390,NridgHt,5,2007,1682,1742,590,2332,3,Ex,TA
391,Edwards,8,1900,861,961,406,1367,4,TA,TA
392,Mitchel,5,2001,804,804,1157,1961,3,Gd,TA
393,NAmes,7,1959,0,882,0,882,3,TA,TA
394,BrkSide,5,1941,788,788,0,788,2,TA,
395,OldTown,6,1940,735,735,299,1034,2,TA,TA
396,Edwards,6,1956,1144,1144,0,1144,3,TA,TA
397,CollgCr,5,1972,894,894,0,894,2,TA,TA
398,NAmes,5,1962,864,876,936,1812,4,TA,TA
399,IDOTRR,2,1920,961,1077,0,1077,2,TA,Po
400,Somerst,5,2006,1092,1112,438,1550,2,Gd,TA
401,Veenker,5,1996,1260,1288,0,1288,1,Ex,TA
402,CollgCr,5,2005,1310,1310,0,1310,3,Gd,TA
403,Sawyer,8,1940,672,672,0,672,2,TA,TA
404,NoRidge,5,1998,1141,1165,1098,2263,4,Gd,TA
405,Gilbert,5,1995,806,806,766,1572,3,TA,TA
406,Sawyer,4,1976,1281,1620,0,1620,3,TA,TA
407,SWISU,5,1936,1064,1166,0,1639,3,TA,TA
408,Crawfor,7,1915,840,840,840,1680,4,TA,TA
409,NridgHt,5,2006,1063,1071,1101,2172,3,Gd,TA
410,Somerst,5,2007,1034,1050,1028,2078,3,Ex,TA
411,Edwards,3,1958,1276,1276,0,1276,3,TA,TA
412,Gilbert,5,1955,1056,1056,0,1056,3,TA,TA
413,Somerst,5,2009,1470,1478,0,1478,2,Gd,TA
414,OldTown,6,1927,1008,1028,0,1028,2,TA,TA
415,SawyerW,5,1993,1080,1080,1017,2097,3,Gd,TA
416,Gilbert,5,2007,1340,1340,0,1340,3,Gd,TA
417,Sawyer,7,1978,672,672,728,1400,3,TA,TA
418,Crawfor,6,1918,1370,1370,1254,2624,4,TA,TA
419,Edwards,6,1940,756,756,378,1134,3,TA,TA
420,NAmes,6,1968,1056,1056,0,1056,3,TA,TA
421,Mitchel,5,1997,1344,1344,0,1344,2,TA,TA
422,NWAmes,7,1977,1602,1602,0,1602,3,Gd,TA
423,Mitchel,5,1954,988,988,0,988,2,TA,TA
424,NoRidge,5,1998,1470,1470,1160,2630,4,Gd,TA
425,NAmes,5,1956,1196,1196,0,1196,2,TA,TA
426,OldTown,8,1946,651,707,682,1389,3,TA,TA
427,SawyerW,5,1989,1518,1644,0,1644,2,Gd,TA
428,NAmes,6,1957,907,907,0,907,3,TA,TA
429,CollgCr,5,2007,1208,1208,0,1208,2,Gd,TA
430,Timber,5,1988,1392,1412,0,1412,3,Gd,TA
431,BrDale,5,1971,483,483,504,987,2,TA,TA
432,OldTown,7,1920,901,1088,110,1198,4,TA,
433,BrDale,5,1971,765,765,600,1365,2,TA,TA
434,Gilbert,5,1997,926,926,678,1604,3,TA,TA
435,MeadowV,7,1972,630,630,0,630,1,TA,
436,CollgCr,6,1996,799,827,834,1661,3,Gd,TA
437,OldTown,8,1920,648,734,384,1118,2,TA,TA
438,BrkSide,7,1926,884,904,0,904,2,TA,TA
439,Crawfor,6,1913,440,694,0,694,2,Gd,TA
440,Edwards,8,1920,684,684,512,1196,3,Gd,TA
441,NridgHt,5,2008,3094,2402,0,2402,2,Ex,TA
442,Edwards,4,1955,1440,1440,0,1440,4,Fa,
443,BrkSide,7,1930,1078,1128,445,1573,3,TA,TA
444,Blmngtn,5,2006,1258,1258,0,1258,2,Gd,TA
445,CollgCr,5,1994,915,933,975,1908,4,Gd,TA
446,Edwards,5,1956,1436,1689,0,1689,3,TA,TA
447,NAmes,6,1966,1517,1888,0,1888,2,Gd,TA
448,Gilbert,5,1998,930,956,930,1886,4,Gd,TA
449,IDOTRR,6,1937,780,780,596,1376,3,TA,TA
450,OldTown,7,1948,649,679,504,1183,2,TA,TA
451,OldTown,8,1930,813,813,0,813,2,Gd,Fa
452,ClearCr,5,1975,1533,1533,0,1533,2,Gd,TA
453,Timber,5,1996,872,888,868,1756,3,TA,TA
454,Somerst,5,2008,768,786,804,1590,3,Gd,TA
455,Mitchel,5,1976,1728,1728,0,1728,4,TA,TA
456,NWAmes,6,1973,1242,1242,0,1242,3,TA,TA
457,OldTown,5,1916,624,624,720,1344,4,TA,Fa
458,ClearCr,6,1954,1364,1663,0,1663,2,Gd,TA
459,OldTown,7,1925,588,833,833,1666,3,Gd,TA
460,BrkSide,4,1950,709,979,224,1203,3,Gd,TA
461,Somerst,5,2009,832,832,1103,1935,3,TA,TA
462,SWISU,9,1936,560,575,560,1135,3,Gd,TA
463,Sawyer,5,1965,864,864,0,864,3,TA,TA
464,Crawfor,7,1934,715,849,811,1660,3,TA,TA
465,CollgCr,5,1978,1040,1040,0,1040,3,TA,
466,Blmngtn,5,2004,1375,1414,0,1414,2,Gd,TA
467,NAmes,5,1970,1277,1277,0,1277,2,TA,TA
468,NAmes,7,1942,728,888,756,1644,3,Gd,TA
469,NridgHt,5,2006,1626,1634,0,1634,3,Gd,TA
470,SawyerW,5,1993,832,832,878,1710,3,Gd,TA
471,StoneBr,5,1985,1488,1502,0,1502,1,Gd,TA
472,NWAmes,6,1977,808,1161,808,1969,3,TA,TA
473,Edwards,5,2005,547,1072,0,1072,2,TA,TA
474,NridgHt,5,2006,1976,1976,0,1976,2,Gd,TA
475,StoneBr,5,2000,1494,1652,0,1652,2,Ex,TA
476,Sawyer,6,1963,970,970,0,970,2,TA,TA
477,CollgCr,5,1997,1478,1493,0,1493,3,Gd,TA
478,NridgHt,5,2006,2153,2069,574,2643,3,Ex,TA
479,CollgCr,5,2007,1705,1718,0,1718,3,Gd,TA
480,OldTown,7,1937,907,1131,0,1131,2,TA,TA
481,NridgHt,5,2004,1833,1850,0,1850,3,Gd,TA
482,NridgHt,5,2003,1792,1792,0,1792,2,Ex,TA
483,OldTown,8,1915,910,916,910,1826,4,Ex,Fa
484,Mitchel,5,1998,1216,1216,0,1216,2,TA,TA
485,Sawyer,7,1962,999,999,0,999,3,Gd,TA
486,NAmes,7,1950,1113,1113,0,1113,3,Gd,TA
487,NAmes,7,1965,1073,1073,0,1073,3,TA,TA
488,NWAmes,6,1971,1484,1484,0,1484,3,TA,TA
489,OldTown,4,1900,954,1766,648,2414,3,TA,Fa
490,MeadowV,8,1970,630,630,0,630,1,Gd,TA
491,MeadowV,6,1976,264,616,688,1304,3,TA,TA
492,NAmes,7,1941,806,958,620,1578,3,Fa,TA
493,Gilbert,5,2006,728,728,728,1456,3,TA,TA
494,NAmes,6,1960,1269,1269,0,1269,3,TA,TA
495,OldTown,8,1938,190,886,0,886,2,TA,TA
496,IDOTRR,5,1920,720,720,0,720,2,TA,
497,NoRidge,5,1992,3200,3228,0,3228,4,Gd,TA
498,BrkSide,6,1925,1026,1133,687,1820,4,TA,TA
499,Sawyer,7,1967,864,899,0,899,3,Gd,TA
500,NAmes,7,1958,912,912,0,912,2,TA,TA
501,BrDale,5,1973,672,672,546,1218,3,TA,TA
502,Somerst,5,2005,866,866,902,1768,3,Gd,TA
503,Edwards,7,1965,1214,1214,0,1214,2,TA,Fa
504,Crawfor,8,1959,1501,1801,0,1801,1,TA,TA
505,NPkVill,5,1974,855,855,467,1322,3,TA,TA
506,OldTown,5,1952,960,960,1000,1960,4,TA,TA
507,SawyerW,5,1993,777,1065,846,1911,3,Gd,TA
508,Somerst,5,2009,1218,1218,0,1218,2,Gd,TA
509,OldTown,9,1928,689,689,689,1378,3,Gd,TA
510,NAmes,6,1959,1041,1041,0,1041,3,TA,TA
511,NAmes,7,1951,1008,1363,0,1363,2,TA,TA
512,NridgHt,5,2005,1368,1368,0,1368,2,Gd,TA
513,NAmes,5,1958,864,864,0,864,3,TA,TA
514,Mitchel,5,1983,1084,1080,0,1080,3,TA,TA
515,Crawfor,5,1926,768,789,0,789,2,TA,Po
516,NridgHt,5,2009,2006,2020,0,2020,3,Ex,TA
517,NWAmes,6,1972,689,1378,741,2119,3,TA,TA
518,NoRidge,5,1996,1264,1277,1067,2344,3,Gd,TA
519,CollgCr,5,1998,794,882,914,1796,3,TA,TA
520,Crawfor,9,1926,1276,1276,804,2080,3,Gd,TA
521,OldTown,7,1900,0,694,600,1294,3,TA,
522,NAmes,6,1957,1244,1244,0,1244,3,TA,TA
523,BrkSide,7,1947,1004,1004,660,1664,3,TA,TA
524,Edwards,5,2007,3138,3138,1538,4676,3,Ex,TA
525,NoRidge,5,1996,1379,1383,1015,2398,3,Gd,TA
526,Somerst,5,2005,1257,1266,0,1266,3,Gd,TA
527,NAmes,7,1956,928,928,0,928,2,TA,TA
528,NridgHt,5,2008,1452,1476,1237,2713,3,Ex,TA
529,Edwards,7,1920,528,605,0,605,2,TA,
530,Crawfor,3,1957,2035,2515,0,2515,4,TA,TA
531,Timber,5,1988,1461,1509,0,1509,3,Gd,TA
532,BrkSide,8,1920,611,751,611,1362,3,TA,Fa
533,NAmes,7,1955,0,827,0,827,2,TA,TA
534,BrkSide,3,1946,0,334,0,334,1,Fa,
535,Gilbert,5,2004,707,707,707,1414,3,Gd,TA
536,Edwards,7,1910,1117,820,527,1347,3,TA,
537,CollgCr,5,1998,880,880,844,1724,3,Gd,TA
538,NAmes,5,1972,864,864,0,864,3,TA,TA
539,Sawyer,5,1968,1051,1159,0,1159,3,TA,TA
540,CollgCr,5,2001,1581,1601,0,1601,3,Gd,TA
541,Timber,5,2006,1838,1838,0,1838,2,Ex,TA
542,NoRidge,5,2000,969,997,1288,2285,4,Gd,TA
543,NWAmes,5,1998,1650,1680,0,1680,3,Gd,TA
544,NAmes,5,1998,723,767,0,767,1,TA,TA
545,Gilbert,5,2006,654,664,832,1496,3,Gd,TA
546,NWAmes,5,1988,1204,1377,806,2183,4,Gd,TA
547,BrkSide,7,1923,1065,915,720,1635,3,TA,TA
548,Mitchel,7,1970,768,768,0,768,2,TA,TA
549,OldTown,7,1955,825,825,0,825,2,TA,TA
550,Somerst,5,2003,912,912,1182,2094,4,Gd,TA
551,NPkVill,6,1977,1069,1069,0,1069,2,TA,TA
552,OldTown,6,1957,928,928,0,928,3,TA,TA
553,NridgHt,5,2006,1709,1717,0,1717,3,Gd,TA
554,Edwards,5,1949,0,1126,0,1126,2,Gd,TA
555,NridgHt,5,2003,998,1006,1040,2046,3,Gd,TA
556,BrkSide,6,1922,993,1048,0,1048,2,TA,TA
557,NAmes,5,1957,1092,1092,0,1092,2,TA,TA
558,IDOTRR,6,1920,637,897,439,1336,3,TA,TA
559,Gilbert,5,1996,729,729,717,1446,3,TA,TA
560,Blmngtn,5,2003,1374,1557,0,1557,2,Gd,TA
561,Sawyer,6,1957,1392,1392,0,1392,3,TA,TA
562,Mitchel,5,1974,1389,1389,0,1389,2,TA,TA
563,Edwards,6,1940,996,996,0,996,3,TA,
564,Edwards,7,1918,1163,1163,511,1674,4,TA,TA
565,NoRidge,5,1992,1095,1166,1129,2295,4,Gd,TA
566,SWISU,4,1915,806,841,806,1647,4,Fa,TA
567,StoneBr,5,2005,1122,1134,1370,2504,4,Ex,TA
568,NridgHt,5,2004,1517,1535,0,1535,3,Gd,TA
569,SawyerW,8,1983,1496,1496,636,2132,1,Gd,TA
570,NAmes,5,1979,943,943,0,943,2,TA,TA
571,NAmes,5,1965,1728,1728,0,1728,6,TA,TA
572,NAmes,6,1959,864,864,0,864,2,Gd,TA
573,Timber,5,2009,846,846,846,1692,3,Gd,TA
574,Gilbert,5,2000,384,774,656,1430,3,TA,TA
575,NAmes,7,1971,372,576,533,1109,3,TA,TA
576,NAmes,5,1947,832,832,384,1216,2,TA,TA
577,SWISU,7,1928,861,877,600,1477,3,TA,TA
578,Sawyer,6,1966,1164,1320,0,1320,3,TA,TA
579,Somerst,5,2007,689,703,689,1392,2,Gd,TA
580,OldTown,5,1954,1050,1050,745,1795,4,TA,TA
581,NAmes,6,1960,1144,1429,0,1429,3,Gd,TA
582,NridgHt,5,2008,2042,2042,0,2042,3,Ex,TA
583,Edwards,5,1990,816,816,0,816,3,TA,
584,OldTown,9,1893,1237,1521,1254,2775,3,Gd,TA
585,BrkSide,7,1935,884,989,584,1573,3,Gd,TA
586,Timber,5,2005,1868,2028,0,2028,2,Gd,TA
587,BrkSide,7,1918,816,838,0,838,2,Fa,TA
588,Sawyer,6,1982,840,860,0,860,2,TA,TA
589,ClearCr,8,1968,1437,1473,0,1473,1,Ex,TA
590,BrkSide,6,1930,742,779,0,935,2,TA,TA
591,CollgCr,5,2004,770,770,812,1582,3,Gd,TA
592,NridgHt,5,2008,1722,1728,568,2296,3,Ex,TA
593,Mitchel,8,1982,816,816,0,816,2,TA,TA
594,CollgCr,5,2003,848,848,0,848,1,Gd,TA
595,CollgCr,6,1975,924,924,0,924,3,TA,TA
596,StoneBr,5,2005,1814,1826,0,1826,3,Gd,TA
597,OldTown,7,1910,684,684,684,1368,3,TA,Fa
598,Blmngtn,5,2006,1258,1402,0,1402,2,Gd,TA
599,Crawfor,6,1977,1430,1647,0,1647,3,Gd,TA
600,Blueste,6,1980,716,716,840,1556,3,TA,TA
601,NridgHt,5,2005,1058,1058,846,1904,3,Ex,TA
602,IDOTRR,6,1937,780,780,595,1375,3,Gd,TA
603,SawyerW,5,1992,908,927,988,1915,3,Gd,TA
604,Somerst,5,2004,600,600,600,1200,2,Gd,TA
605,CollgCr,5,2002,1494,1494,0,1494,3,Gd,TA
606,NAmes,6,1965,768,1186,800,1986,3,TA,TA
607,CollgCr,5,1996,1040,1040,0,1040,3,Gd,TA
608,Edwards,8,1948,896,1112,896,2008,3,Ex,TA
609,Crawfor,6,1934,965,1940,1254,3194,4,TA,TA
610,Sawyer,5,1961,1029,1029,0,1029,3,TA,TA
611,CollgCr,5,2000,1440,1476,677,2153,3,Ex,TA
612,NWAmes,6,1978,1032,1032,0,1032,3,TA,TA
613,CollgCr,5,2001,1299,1299,573,1872,3,Ex,TA
614,Mitchel,5,2007,1120,1120,0,1120,3,TA,
615,MeadowV,6,1972,630,630,0,630,1,TA,
616,NAmes,7,1963,936,1054,0,1054,3,Gd,TA
617,Gilbert,5,2002,783,807,702,1509,3,Gd,TA
618,NAmes,6,1954,832,832,0,832,2,Gd,TA
619,NridgHt,5,2007,1822,1828,0,1828,3,Gd,TA
620,Timber,5,2003,1482,1482,780,2262,4,Gd,TA
621,Edwards,3,1914,864,864,0,864,2,TA,
622,NWAmes,7,1974,1522,1548,1066,2614,4,TA,TA
623,Sawyer,6,1977,980,980,0,980,3,TA,TA
624,Somerst,5,2000,756,756,756,1512,2,Gd,TA
625,NWAmes,5,1972,732,1012,778,1790,4,TA,TA
626,NAmes,6,1962,1116,1116,0,1116,3,TA,TA
627,NAmes,5,1960,978,1422,0,1422,3,TA,TA
628,NAmes,6,1955,1156,1520,0,1520,3,TA,TA
629,NAmes,5,1969,1040,1040,1040,2080,5,Fa,TA
630,NAmes,5,1964,1248,1350,0,1350,3,TA,TA
631,OldTown,6,1880,636,1089,661,1750,3,Ex,Po
632,NridgHt,5,2006,1554,1554,0,1554,2,Gd,TA
633,NWAmes,5,1977,1386,1411,0,1411,3,TA,TA
634,NAmes,7,1954,1056,1056,0,1056,3,TA,TA
635,OldTown,5,1980,1056,1056,0,1056,0,TA,TA
636,SWISU,7,1914,1440,1440,1440,3395,8,Fa,
637,BrkSide,3,1936,264,800,0,800,1,Fa,
638,OldTown,4,1954,811,811,576,1387,3,Gd,TA
639,Edwards,7,1910,796,796,0,796,2,TA,
640,Blmngtn,5,2006,1520,1567,0,1567,1,Ex,TA
641,NridgHt,5,2003,1518,1518,0,1518,1,Ex,TA
642,Somerst,5,2001,1057,1057,872,1929,3,Gd,TA
643,NAmes,7,1972,1952,2000,704,2704,4,Ex,TA
644,NWAmes,5,1969,780,780,840,1620,4,TA,TA
645,Somerst,5,2009,1766,1766,0,1766,2,Ex,TA
646,NAmes,5,1971,981,981,0,981,3,TA,TA
647,NAmes,5,1950,0,1048,0,1048,3,TA,TA
648,Edwards,5,1953,1094,1094,0,1094,3,TA,TA
649,NAmes,5,1966,756,1051,788,1839,4,TA,TA
650,MeadowV,6,1970,630,630,0,630,1,TA,
651,Somerst,6,2007,813,822,843,1665,3,Gd,TA
652,Edwards,5,1940,755,755,755,1510,4,TA,Po
653,CollgCr,5,1996,880,909,807,1716,2,Gd,TA
654,IDOTRR,7,1906,756,756,713,1469,3,TA,TA
655,NoRidge,6,1995,2109,2113,0,2113,2,Gd,TA
656,BrDale,5,1971,525,525,567,1092,3,TA,TA
657,NAmes,7,1959,1053,1053,0,1053,3,Gd,TA
658,Crawfor,6,1931,776,851,651,1502,3,TA,TA
659,NAmes,5,1948,912,912,546,1458,3,TA,TA
660,Edwards,7,1964,1486,1486,0,1486,3,TA,TA
661,NWAmes,7,1976,793,1142,793,1935,3,TA,TA
662,NoRidge,7,1994,1629,1686,762,2448,4,Gd,TA
663,NAmes,3,1968,1392,1392,0,1392,2,TA,TA
664,Edwards,5,1972,1138,1181,0,1181,3,TA,TA
665,Somerst,5,2005,2077,2097,0,2097,1,Ex,TA
666,Gilbert,5,2000,1406,1454,482,1936,3,Gd,TA
667,NAmes,5,1965,1021,1465,915,2380,3,TA,TA
668,SawyerW,5,1994,1408,1679,0,1679,3,Gd,TA
669,Sawyer,6,1956,1188,1437,0,1437,3,TA,TA
670,Crawfor,5,1922,700,1180,0,1180,2,Fa,Fa
671,CollgCr,5,2005,738,738,738,1476,3,Gd,TA
672,Edwards,6,1925,672,697,672,1369,3,TA,TA
673,Veenker,6,1977,1208,1208,0,1208,3,TA,TA
674,Crawfor,7,1957,1477,1839,0,1839,3,Gd,TA
675,NAmes,6,1965,1136,1136,0,1136,3,TA,TA
676,NPkVill,6,1978,855,855,586,1441,3,TA,TA
677,OldTown,2,1900,1095,1095,679,1774,4,TA,Fa
678,OldTown,8,1924,768,792,0,792,2,Gd,Fa
679,StoneBr,5,2008,2046,2046,0,2046,3,Gd,TA
680,Sawyer,5,1961,988,988,0,988,3,TA,TA
681,SawyerW,5,1980,923,923,0,923,2,TA,TA
682,SWISU,5,1932,793,848,672,1520,3,TA,TA
683,ClearCr,5,1996,1291,1291,0,1291,2,Gd,TA
684,CollgCr,5,2002,1626,1668,0,1668,3,Gd,TA
685,NoRidge,5,1998,1195,1195,644,1839,4,TA,TA
686,StoneBr,5,1984,1190,1190,900,2090,3,Gd,TA
687,Somerst,6,2007,874,874,887,1761,3,Gd,TA
688,Somerst,5,2004,551,551,551,1102,2,Gd,TA
689,StoneBr,6,2007,1419,1419,0,1419,2,Gd,TA
690,NridgHt,5,2005,1362,1362,0,1362,2,Gd,TA
691,CollgCr,5,2004,848,848,0,848,1,Gd,TA
692,NoRidge,6,1994,2444,2444,1872,4316,4,Ex,TA
693,Timber,5,1989,1210,1238,1281,2519,4,Gd,TA
694,OldTown,6,1921,1073,1073,0,1073,2,TA,TA
695,BrkSide,6,1936,927,1067,472,1539,3,TA,TA
696,Timber,6,1987,1112,1137,0,1137,2,Gd,TA
697,BrkSide,7,1921,616,616,0,616,2,TA,TA
698,Edwards,7,1952,980,1148,0,1148,2,TA,TA
699,Sawyer,8,1965,894,894,0,894,3,TA,TA
700,Somerst,5,2004,1391,1391,0,1391,2,Gd,TA
701,Timber,5,2002,1800,1800,0,1800,3,Gd,TA
702,NWAmes,5,1969,1164,1164,0,1164,3,TA,TA
703,StoneBr,5,2006,1234,1264,1312,2576,4,Ex,TA
704,OldTown,9,1900,360,1032,780,1812,4,Gd,TA
705,CollgCr,5,2004,1473,1484,0,1484,3,Gd,TA
706,IDOTRR,5,1930,0,372,720,1092,3,Fa,
707,ClearCr,5,1971,1643,1824,0,1824,2,Gd,TA
708,NridgHt,5,2006,1324,1324,0,1324,2,Gd,TA
709,Gilbert,5,2007,728,728,728,1456,3,Gd,TA
710,Sawyer,7,1966,876,904,0,904,3,TA,TA
711,BrkSide,6,1935,270,729,0,729,2,TA,
712,IDOTRR,7,1900,859,859,319,1178,2,TA,TA
713,StoneBr,5,1988,1228,1228,0,1228,2,Gd,TA
714,BrkSide,5,1970,960,960,0,960,3,TA,TA
715,Sawyer,8,1976,725,725,754,1479,3,Gd,TA
716,NWAmes,5,1974,1064,1350,0,1350,3,TA,TA
717,OldTown,8,1890,718,1576,978,2554,3,TA,TA
718,NWAmes,6,1973,1176,1178,0,1178,3,Gd,TA
719,NoRidge,5,1993,1311,1325,1093,2418,3,Gd,TA
720,CollgCr,6,1969,971,971,0,971,3,TA,TA
721,StoneBr,5,1985,1742,1742,0,1742,2,Gd,TA
722,CollgCr,5,2004,848,848,0,848,1,Gd,TA
723,NAmes,7,1970,864,864,0,864,3,TA,TA
724,Edwards,6,1954,941,997,473,1470,4,TA,TA
725,Edwards,5,2007,1698,1698,0,1698,3,Ex,TA
726,NAmes,6,1970,864,864,0,864,3,Gd,TA
727,Crawfor,9,1988,880,1680,0,1680,3,Gd,TA
728,CollgCr,5,2007,1232,1232,0,1232,2,Gd,TA
729,NAmes,5,1958,1584,1776,0,1776,4,TA,TA
730,IDOTRR,5,1925,780,848,0,1208,2,TA,TA
731,StoneBr,5,1995,1595,1616,0,1616,2,Gd,TA
732,Timber,5,2003,868,1146,0,1146,3,Gd,TA
733,CollgCr,5,1998,1153,1153,878,2031,3,Gd,TA
734,Sawyer,6,1961,864,1144,0,1144,3,TA,TA
735,Sawyer,5,1968,948,948,0,948,3,TA,TA
736,OldTown,7,1914,880,880,888,1768,2,TA,TA
737,NAmes,4,1950,0,1040,0,1040,2,TA,TA
738,Gilbert,5,2005,893,901,900,1801,3,Gd,TA
739,Edwards,5,1987,1200,1200,0,1200,3,TA,
740,CollgCr,5,2004,864,864,864,1728,3,Gd,TA
741,OldTown,7,1910,264,768,664,1432,2,TA,Gd
742,Sawyer,8,1961,912,912,0,912,3,Gd,TA
743,SawyerW,5,2000,1349,1349,0,1349,3,TA,TA
744,Sawyer,6,1963,520,1464,0,1464,3,TA,TA
745,StoneBr,5,1993,1337,1337,0,1337,2,Gd,TA
746,NWAmes,9,1976,1142,1175,1540,2715,4,Gd,TA
747,Gilbert,5,2000,952,980,1276,2256,4,Gd,TA
748,OldTown,7,1880,1240,1320,1320,2640,4,Gd,TA
749,NoRidge,5,1996,1720,1720,0,1720,3,Gd,TA
750,Edwards,3,1945,0,1088,441,1529,4,TA,TA
751,OldTown,7,1910,576,792,348,1140,3,TA,
752,Gilbert,5,2003,660,660,660,1320,3,Gd,TA
753,CollgCr,5,1997,1479,1494,0,1494,3,Gd,TA
754,NridgHt,5,2005,1030,1038,1060,2098,3,Ex,TA
755,NAmes,8,1969,1026,1026,0,1026,3,Gd,TA
756,Somerst,5,1999,729,742,729,1471,3,TA,TA
757,CollgCr,5,2007,866,866,902,1768,3,Gd,TA
758,Sawyer,5,1978,672,672,714,1386,3,TA,TA
759,Somerst,5,1999,744,757,744,1501,3,TA,TA
760,NoRidge,5,1995,1318,1328,1203,2531,4,Gd,TA
761,NAmes,6,1959,864,864,0,864,2,TA,Ex
762,BrkSide,5,1924,1145,1301,0,1301,2,Fa,TA
763,Somerst,5,2009,756,764,783,1547,3,Gd,TA
764,NoRidge,5,1999,1252,1268,1097,2365,3,Gd,TA
765,Veenker,5,1995,1494,1494,0,1494,2,Ex,TA
766,Somerst,5,2008,1498,1506,0,1506,2,Ex,TA
767,NWAmes,5,1988,980,980,734,1714,3,TA,TA
768,Mitchel,7,1940,983,983,767,1750,4,TA,TA
769,CollgCr,5,2004,1860,1836,0,1836,3,Gd,TA
770,StoneBr,5,2003,1650,1690,1589,3279,4,Ex,TA
771,Sawyer,5,1982,858,858,0,858,2,TA,TA
772,Edwards,5,1951,836,1220,0,1220,2,TA,TA
773,Edwards,5,1976,1029,1117,0,1117,3,TA,TA
774,NAmes,5,1958,912,912,0,912,2,TA,TA
775,NridgHt,5,2006,1935,1973,0,1973,3,Gd,TA
776,Mitchel,5,1998,1204,1204,0,1204,2,TA,TA
777,CollgCr,5,2005,1614,1614,0,1614,3,Gd,TA
778,Sawyer,5,1974,864,894,0,894,3,TA,TA
779,SawyerW,5,1977,0,2020,0,2020,4,TA,TA
780,Mitchel,5,1977,975,1004,0,1004,2,TA,TA
781,Gilbert,5,1995,1237,1253,0,1253,3,TA,TA
782,SawyerW,5,1992,761,810,793,1603,3,Gd,TA
783,CollgCr,5,2001,1413,1430,0,1430,3,Gd,TA
784,Mitchel,6,1978,1097,1110,0,1110,1,Gd,TA
785,OldTown,6,1914,742,742,742,1484,3,TA,
786,NWAmes,5,1967,1372,1342,0,1342,3,TA,TA
787,OldTown,6,1915,686,966,686,1652,4,TA,TA
788,SawyerW,5,2004,956,956,1128,2084,4,Gd,TA
789,OldTown,7,1954,901,901,0,901,2,TA,TA
790,ClearCr,8,1966,832,976,1111,2087,5,Gd,TA
791,Blmngtn,5,2005,1145,1145,0,1145,2,Gd,TA
792,Mitchel,5,1976,1029,1062,0,1062,3,TA,TA
793,NoRidge,5,1996,1117,1127,886,2013,3,TA,TA
794,Somerst,5,2007,1496,1496,0,1496,3,Gd,TA
795,Gilbert,5,1994,712,1086,809,1895,3,Gd,TA
796,SawyerW,6,1980,650,888,676,1564,3,TA,TA
797,Sawyer,5,1977,660,1285,0,1285,3,TA,TA
798,NAmes,5,1953,773,773,0,773,2,TA,TA
799,NridgHt,5,2008,1926,1966,1174,3140,4,Ex,TA
800,SWISU,7,1937,731,981,787,1768,3,Gd,TA
801,ClearCr,5,1997,616,616,1072,1688,4,Gd,TA
802,IDOTRR,7,1916,1196,1196,0,1196,2,TA,TA
803,CollgCr,5,2005,728,728,728,1456,3,Gd,TA
804,NridgHt,5,2008,1734,1734,1088,2822,4,Ex,TA
805,NAmes,5,1954,936,1128,0,1128,2,TA,TA
806,Somerst,5,2008,1417,1428,0,1428,3,Ex,TA
807,NAmes,5,1967,980,980,0,980,3,TA,TA
808,BrkSide,6,1923,1324,1072,504,1576,3,Gd,TA
809,NAmes,5,1966,1024,1086,0,1086,3,TA,TA
810,OldTown,5,1898,849,1075,1063,2138,2,TA,Po
811,NWAmes,6,1974,1040,1309,0,1309,3,Gd,TA
812,CollgCr,5,2004,848,848,0,848,1,Gd,TA
813,IDOTRR,5,1952,540,1044,0,1044,2,Fa,TA
814,NAmes,6,1958,1442,1442,0,1442,4,TA,TA
815,Edwards,7,1918,686,686,564,1250,3,Fa,TA
816,CollgCr,5,1998,1649,1661,0,1661,3,Gd,TA
817,NAmes,6,1954,1008,1008,0,1008,2,TA,TA
818,Mitchel,5,2002,1568,1689,0,1689,3,Gd,TA
819,ClearCr,7,1971,1010,1052,0,1052,3,TA,TA
820,NridgHt,5,2009,1358,1358,0,1358,2,Gd,TA
821,CollgCr,5,2003,798,798,842,1640,3,Gd,TA
822,OldTown,4,1953,936,936,0,936,2,TA,TA
823,Gilbert,5,2003,847,847,886,1733,3,Gd,TA
824,SWISU,7,1940,778,944,545,1489,3,TA,TA
825,Somerst,5,2006,1489,1489,0,1489,3,Gd,TA
826,NridgHt,5,2007,2078,2084,0,2084,2,Ex,TA
827,BrkSide,6,1924,784,784,0,784,2,Gd,
828,SawyerW,5,2001,1454,1434,0,1434,3,Gd,TA
829,ClearCr,5,1967,1013,1160,966,2126,3,TA,TA
830,Somerst,5,2005,600,520,623,1223,2,Gd,TA
831,NAmes,5,1957,1392,1392,0,1392,3,TA,TA
832,Somerst,5,2005,600,520,600,1200,2,Gd,TA
833,CollgCr,6,2003,941,941,888,1829,3,Gd,TA
834,NAmes,6,1964,1516,1516,0,1516,3,TA,TA
835,NAmes,6,1961,1144,1144,0,1144,3,TA,TA
836,Sawyer,7,1950,1067,1067,0,1067,2,Gd,TA
837,OldTown,6,1948,1559,1559,0,1559,2,TA,TA
838,BrDale,5,1973,483,483,504,987,2,TA,TA
839,CollgCr,6,1995,1099,1099,0,1099,3,Gd,TA
840,Edwards,6,1946,768,768,432,1200,3,TA,TA
841,SWISU,8,1925,672,810,672,1482,4,Fa,TA
842,OldTown,8,1904,650,958,581,1539,3,Gd,TA
843,NAmes,7,1966,1127,1165,0,1165,3,TA,Gd
844,NAmes,4,1961,1800,1800,0,1800,6,TA,
845,OldTown,8,1915,876,876,540,1416,4,TA,TA
846,Sawyer,5,1975,1390,1701,0,1701,3,TA,TA
847,SawyerW,5,1993,740,1006,769,1775,3,Gd,TA
848,CollgCr,6,1972,864,864,0,864,3,TA,TA
849,ClearCr,8,1908,907,1307,1051,2358,5,TA,TA
850,Veenker,7,1976,528,1094,761,1855,3,TA,TA
851,CollgCr,5,2003,848,848,0,848,1,Gd,TA
852,Blmngtn,5,2003,1273,1456,0,1456,2,Gd,TA
853,Crawfor,5,1941,918,918,728,1646,4,TA,TA
854,NAmes,6,1964,1127,1445,0,1445,3,TA,TA
855,Sawyer,4,1955,1763,1779,0,1779,3,TA,TA
856,Sawyer,8,1962,1040,1040,0,1040,3,TA,TA
857,CollgCr,6,1978,940,1026,0,1026,3,TA,Fa
858,Gilbert,5,1994,702,702,779,1481,3,TA,TA
859,NWAmes,5,1976,1090,1370,0,1370,3,TA,TA
860,NWAmes,7,1968,1054,1512,1142,2654,4,Gd,TA
861,Crawfor,8,1918,912,912,514,1426,3,Gd,TA
862,Sawyer,4,1965,1039,1039,0,1039,3,TA,TA
863,SawyerW,5,1984,1040,1097,0,1097,3,TA,TA
864,NAmes,5,1959,1148,1148,0,1148,3,TA,TA
865,Somerst,5,2007,1372,1372,0,1372,3,Gd,TA
866,NAmes,6,1970,1002,1002,0,1002,3,TA,TA
867,Timber,5,2006,1638,1646,0,1646,3,Gd,TA
868,Sawyer,5,1961,1040,1120,0,1120,3,Fa,TA
869,Gilbert,6,1948,0,1547,720,2320,2,TA,TA
870,SawyerW,5,1993,1050,1062,887,1949,3,Gd,TA
871,NAmes,5,1962,894,894,0,894,2,TA,TA
872,CollgCr,5,1998,804,804,878,1682,3,Gd,TA
873,NAmes,7,1953,105,910,0,910,3,Gd,TA
874,NAmes,7,1949,832,1036,0,1268,3,TA,TA
875,OldTown,6,1941,676,676,455,1131,3,TA,TA
876,Somerst,5,2007,1184,1184,1426,2610,4,Ex,TA
877,Mitchel,5,1963,1064,1040,0,1040,3,TA,TA
878,NridgHt,5,2004,1462,1462,762,2224,4,Ex,TA
879,Sawyer,7,1961,1109,1155,0,1155,3,Gd,TA
880,CollgCr,8,1978,864,864,0,864,3,TA,TA
881,Edwards,5,2005,1090,1090,0,1090,2,TA,TA
882,Timber,5,1990,1156,1187,530,1717,3,Gd,TA
883,Gilbert,5,1992,808,808,785,1593,3,TA,TA
884,SWISU,5,1912,795,954,795,2230,5,TA,Gd
885,NAmes,5,1967,892,892,0,892,3,TA,TA
886,Somerst,5,1999,1698,1709,0,1709,2,Gd,TA
887,NAmes,5,1959,1626,1712,0,1712,4,TA,TA
888,Edwards,7,1955,816,872,521,1393,3,TA,TA
889,NAmes,6,1970,2217,2217,0,2217,4,Gd,TA
890,NAmes,4,1953,1505,1505,0,1505,2,TA,TA
891,NAmes,7,1949,672,672,252,924,3,TA,TA
892,Sawyer,5,1978,918,918,765,1683,3,TA,TA
893,Sawyer,8,1963,1059,1068,0,1068,3,TA,TA
894,Sawyer,5,1954,1383,1383,0,1383,3,TA,TA
895,SawyerW,5,1979,0,1535,0,1535,4,TA,TA
896,NAmes,5,1963,780,983,813,1796,4,TA,TA
897,IDOTRR,6,1936,951,951,0,951,2,TA,TA
898,SawyerW,5,1979,0,1120,1120,2240,6,TA,TA
899,NridgHt,5,2009,2330,2364,0,2364,2,Ex,TA
900,Sawyer,7,1961,912,1236,0,1236,3,TA,TA
901,NAmes,6,1971,858,858,0,858,2,TA,TA
902,NAmes,7,1957,992,1306,0,1306,2,TA,TA
903,Gilbert,5,2003,783,807,702,1509,3,Gd,TA
904,Gilbert,5,2006,1670,1670,0,1670,3,Gd,TA
905,Sawyer,6,1967,876,902,0,902,3,TA,TA
906,NAmes,5,1954,1056,1063,0,1063,3,TA,TA
907,Somerst,5,2006,1623,1636,0,1636,3,Gd,TA
908,Crawfor,7,1936,1017,1020,1037,2057,3,Gd,TA
909,Mitchel,5,1983,864,902,0,902,2,TA,TA
910,Gilbert,5,2005,742,742,742,1484,3,Gd,TA
911,NAmes,5,1960,1105,1105,1169,2274,5,TA,TA
912,CollgCr,7,1977,1268,1268,0,1268,3,Gd,TA
913,BrkSide,7,1925,768,1015,0,1015,3,TA,TA
914,Crawfor,6,1949,1001,1001,1001,2002,4,TA,TA
915,Somerst,5,2009,612,612,612,1224,2,Gd,TA
916,MeadowV,5,1970,546,546,546,1092,3,TA,TA
917,IDOTRR,3,1949,480,480,0,480,1,TA,TA
918,Edwards,6,1956,1134,1229,0,1229,3,TA,TA
919,SawyerW,5,1991,1104,912,1215,2127,4,Gd,TA
920,NAmes,8,1958,1184,1414,0,1414,3,TA,TA
921,SawyerW,5,1994,928,936,785,1721,3,Gd,TA
922,Edwards,7,1900,1272,1272,928,2200,4,TA,
923,Gilbert,5,2005,1316,1316,0,1316,3,Gd,TA
924,SawyerW,5,1993,1604,1617,0,1617,2,Gd,TA
925,NWAmes,6,1980,1686,1686,0,1686,3,TA,TA
926,NWAmes,6,1977,1126,1126,0,1126,3,Ex,TA
927,NridgHt,5,2003,1181,1234,1140,2374,4,Ex,TA
928,NWAmes,5,1968,832,1098,880,1978,4,TA,TA
929,CollgCr,5,2001,1753,1788,0,1788,3,Ex,TA
930,Gilbert,5,1997,964,993,1243,2236,4,Gd,TA
931,Timber,5,2007,1466,1466,0,1466,3,Gd,TA
932,NAmes,6,1965,925,925,0,925,2,TA,TA
933,Somerst,5,2006,1905,1905,0,1905,3,Ex,TA
934,CollgCr,5,2004,1500,1500,0,1500,3,Gd,TA
935,NAmes,7,1960,585,2069,0,2069,4,Gd,TA
936,BrkSide,5,1926,600,747,0,747,1,TA,TA
937,SawyerW,5,2003,1176,1200,0,1200,2,Gd,TA
938,Somerst,5,2005,1113,1113,858,1971,3,Gd,TA
939,CollgCr,5,2006,1391,1391,571,1962,3,Gd,TA
940,ClearCr,7,1940,1032,1207,1196,2403,4,TA,TA
941,Mitchel,5,1976,1728,1728,0,1728,4,TA,TA
942,Gilbert,5,1999,992,1022,1038,2060,3,Gd,TA
943,Edwards,3,1977,1440,1440,0,1440,4,TA,
944,Mitchel,4,1967,1632,1632,0,1632,4,TA,TA
945,Timber,6,1958,819,1344,0,1344,3,Gd,TA
946,OldTown,6,1890,1088,1188,561,1869,2,TA,TA
947,NAmes,6,1959,1144,1144,0,1144,3,TA,TA
948,Timber,5,2002,1616,1629,0,1629,3,Gd,TA
949,CollgCr,5,2002,936,936,840,1776,3,Gd,TA
950,NWAmes,7,1972,1161,1381,0,1381,3,Gd,TA
951,NAmes,8,1950,864,864,0,864,3,Gd,TA
952,SawyerW,5,1965,828,965,0,965,3,TA,TA
953,CollgCr,8,1972,768,768,0,768,2,TA,TA
954,Mitchel,4,1969,784,1168,800,1968,4,TA,TA
955,Edwards,5,1975,945,980,0,980,4,TA,
956,Crawfor,6,1946,979,979,979,1958,4,TA,TA
957,Blueste,6,1980,561,561,668,1229,2,TA,TA
958,Sawyer,5,1962,1057,1057,0,1057,3,TA,TA
959,CollgCr,5,2003,1337,1337,0,1337,3,Gd,TA
960,Somerst,5,1999,696,696,720,1416,3,Gd,TA
961,BrkSide,7,1958,858,858,0,858,2,TA,
962,NWAmes,7,1977,1330,1542,1330,2872,4,TA,TA
963,NPkVill,6,1976,804,804,744,1548,3,Gd,TA
964,CollgCr,5,2007,1800,1800,0,1800,2,Ex,TA
965,Timber,5,2002,817,824,1070,1894,4,Gd,TA
966,Gilbert,5,2005,783,783,701,1484,3,Gd,TA
967,Crawfor,7,1940,728,976,332,1308,2,TA,TA
968,NAmes,7,1955,1098,1098,0,1098,3,TA,TA
969,OldTown,6,1910,600,600,368,968,2,TA,
970,NAmes,5,1958,588,1095,0,1095,2,TA,TA
971,NAmes,4,1949,720,720,472,1192,4,TA,
972,NridgHt,5,2003,764,764,862,1626,2,Gd,TA
973,SawyerW,5,1979,918,918,0,918,2,TA,TA
974,Somerst,5,2007,1428,1428,0,1428,3,Gd,TA
975,BrkSide,8,1910,728,1136,883,2019,3,Gd,TA
976,Somerst,5,2000,673,673,709,1382,3,Gd,TA
977,BrkSide,7,1923,440,869,0,869,2,Fa,
978,Somerst,5,2006,1241,1241,0,1241,1,Gd,TA
979,Edwards,5,1954,894,894,0,894,3,TA,TA
980,Sawyer,6,1963,1121,1121,0,1121,3,TA,TA
981,NAmes,9,1961,944,999,0,999,3,Ex,TA
982,NoRidge,5,1998,1225,1276,1336,2612,4,Gd,TA
983,Blmngtn,5,2007,1266,1266,0,1266,2,Gd,TA
984,CollgCr,5,2002,1128,1149,1141,2290,4,Gd,TA
985,Mitchel,5,1977,0,1302,432,1734,4,Gd,TA
986,Edwards,5,1950,1164,1164,0,1164,3,TA,TA
987,OldTown,8,1910,485,1001,634,1635,2,Gd,TA
988,NridgHt,5,2009,1930,1940,0,1940,3,Ex,TA
989,NWAmes,6,1976,848,1118,912,2030,4,Gd,TA
990,Somerst,5,2006,770,778,798,1576,3,Gd,TA
991,NoRidge,5,1997,1396,1407,985,2392,3,Gd,TA
992,OldTown,9,1882,916,916,826,1742,4,Gd,TA
993,NAmes,8,1964,822,1020,831,1851,3,Gd,TA
994,CollgCr,5,2005,750,750,750,1500,3,Gd,TA
995,NridgHt,5,2006,1700,1718,0,1718,3,Ex,TA
996,BrkSide,7,1946,747,774,456,1230,3,TA,TA
997,NAmes,6,1961,1050,1050,0,1050,3,TA,TA
998,NWAmes,6,1970,1442,1442,0,1442,2,TA,TA
999,IDOTRR,4,1922,1007,1077,0,1077,3,TA,Fa
1000,CollgCr,5,2006,1187,1208,0,1208,2,Gd,TA
1001,Edwards,3,1952,0,944,0,944,2,Fa,Fa
1002,OldTown,6,1920,691,691,0,691,2,Ex,TA
1003,Somerst,5,2006,1574,1574,0,1574,3,Gd,TA
1004,NWAmes,6,1976,1680,1680,0,1680,4,TA,TA
1005,Blmngtn,5,2005,1346,1504,0,1504,1,Gd,TA
1006,CollgCr,8,1977,985,985,0,985,3,TA,TA
1007,NAmes,3,1970,1657,1657,0,1657,3,TA,TA
1008,MeadowV,4,1970,546,546,546,1092,3,TA,TA
1009,Mitchel,5,2004,1710,1710,0,1710,3,Gd,TA
1010,SWISU,5,1926,1008,1008,0,1522,4,TA,
1011,Sawyer,5,1948,720,720,551,1271,4,TA,TA
1012,Edwards,5,1965,0,1664,0,1664,4,TA,
1013,Crawfor,7,1923,602,900,602,1502,3,Gd,TA
1014,OldTown,4,1910,1022,1022,0,1022,2,TA,TA
1015,NAmes,5,1948,1082,1082,0,1082,2,TA,TA
1016,NWAmes,6,2001,810,810,855,1665,3,Gd,TA
1017,CollgCr,5,1996,1504,1504,0,1504,3,Gd,TA
1018,StoneBr,5,1984,1220,1360,0,1360,1,Gd,TA
1019,Gilbert,5,1991,384,802,670,1472,3,Gd,TA
1020,Blmngtn,5,2005,1362,1506,0,1506,2,Gd,TA
1021,Edwards,5,2005,1132,1132,0,1132,2,Gd,TA
1022,CollgCr,5,2006,1199,1220,0,1220,2,Gd,TA
1023,OldTown,5,1930,912,912,336,1248,2,TA,Fa
1024,Blmngtn,5,2005,1346,1504,0,1504,2,Gd,TA
1025,Timber,6,1976,1565,2898,0,2898,2,Gd,TA
1026,CollgCr,5,1972,882,882,0,882,3,TA,TA
1027,NAmes,5,1960,1268,1264,0,1264,3,TA,TA
1028,Timber,5,2007,1638,1646,0,1646,3,Gd,TA
1029,NAmes,5,1941,768,968,408,1376,3,TA,TA
1030,BrDale,7,1972,672,672,546,1218,3,TA,TA
1031,SWISU,8,1916,686,948,980,1928,5,TA,
1032,SWISU,3,1920,824,1687,998,3082,5,TA,TA
1033,NoRidge,7,1993,1338,1352,1168,2520,5,Gd,TA
1034,CollgCr,5,2002,1654,1654,0,1654,3,Gd,TA
1035,Crawfor,7,1938,920,954,0,954,2,Fa,TA
1036,Edwards,3,1957,0,845,0,845,3,TA,TA
1037,Timber,5,2007,1620,1620,0,1620,2,Ex,TA
1038,CollgCr,5,2001,1055,1055,1208,2263,3,Gd,TA
1039,MeadowV,6,1970,546,798,546,1344,3,TA,
1040,MeadowV,4,1970,630,630,0,630,1,TA,TA
1041,Sawyer,4,1957,1134,1803,0,1803,3,TA,TA
1042,NWAmes,8,1966,800,800,832,1632,4,Gd,TA
1043,NridgHt,5,2005,1306,1306,0,1306,1,Gd,TA
1044,SawyerW,5,1990,1475,1532,797,2329,4,Gd,TA
1045,NWAmes,5,1981,2524,2524,0,2524,4,Gd,TA
1046,Edwards,5,1955,0,1733,0,1733,4,TA,TA
1047,StoneBr,5,2005,1992,1992,876,2868,4,Ex,TA
1048,CollgCr,5,1994,990,990,0,990,3,TA,TA
1049,Mitchel,4,1960,0,1771,0,1771,3,TA,TA
1050,Edwards,7,1946,0,930,0,930,2,Gd,TA
1051,Gilbert,5,2007,1302,1302,0,1302,3,Gd,TA
1052,CollgCr,5,2007,1316,1316,0,1316,3,Gd,TA
1053,NAmes,6,1964,816,1127,850,1977,4,TA,TA
1054,Edwards,6,1957,1216,1526,0,1526,4,TA,TA
1055,CollgCr,5,2002,1065,1091,898,1989,3,Gd,TA
1056,NWAmes,5,1976,1193,1523,0,1523,3,TA,TA
1057,NridgHt,5,2005,1364,1364,0,1364,2,Gd,TA
1058,NoRidge,6,1994,973,979,871,1850,3,Gd,TA
1059,NridgHt,5,2008,1104,1130,1054,2184,3,Ex,TA
1060,Crawfor,7,1932,854,1096,895,1991,3,TA,Fa
1061,StoneBr,5,2001,1338,1338,0,1338,2,Gd,TA
1062,IDOTRR,4,1935,894,894,0,894,2,TA,TA
1063,OldTown,5,1900,662,1422,915,2337,5,TA,TA
1064,OldTown,6,1925,1103,1103,0,1103,2,Gd,TA
1065,NAmes,6,1966,1154,1154,0,1154,3,TA,TA
1066,ClearCr,5,1996,1306,1306,954,2260,3,Gd,TA
1067,Gilbert,7,1993,799,799,772,1571,3,TA,TA
1068,NAmes,6,1964,780,798,813,1611,4,TA,TA
1069,MeadowV,4,1973,942,1291,1230,2521,5,TA,TA
1070,NAmes,7,1949,845,893,0,893,2,Gd,TA
1071,NAmes,5,1956,1048,1048,0,1048,3,TA,TA
1072,NWAmes,6,1968,727,829,727,1556,4,TA,TA
1073,Edwards,3,1948,810,1002,454,1456,4,TA,TA
1074,Edwards,6,1977,690,698,728,1426,3,TA,TA
1075,CollgCr,5,2006,1240,1240,0,1240,2,Gd,TA
1076,Crawfor,6,1940,800,960,780,1740,3,TA,TA
1077,OldTown,8,1936,796,1096,370,1466,3,Gd,TA
1078,NAmes,5,1969,1096,1096,0,1096,3,TA,TA
1079,CollgCr,5,2004,848,848,0,848,1,Gd,TA
1080,CollgCr,5,1994,990,990,0,990,3,TA,TA
1081,NWAmes,7,1971,1258,1258,0,1258,3,Gd,TA
1082,Sawyer,5,1963,1040,1040,0,1040,3,TA,TA
1083,CollgCr,5,2002,1459,1459,0,1459,3,Gd,TA
1084,NAmes,6,1964,1251,1251,0,1251,3,TA,TA
1085,Gilbert,5,1995,691,691,807,1498,3,TA,TA
1086,SawyerW,6,1992,936,996,0,996,2,Gd,TA
1087,MeadowV,5,1973,546,546,546,1092,3,TA,TA
1088,Somerst,5,2005,1082,1082,871,1953,3,Gd,TA
1089,Edwards,5,2004,970,970,739,1709,3,Gd,TA
1090,Somerst,5,2005,1247,1247,0,1247,1,Gd,TA
1091,NAmes,4,1950,0,1040,0,1040,2,TA,TA
1092,Somerst,5,1999,600,624,628,1252,2,Gd,TA
1093,SWISU,5,1925,1181,1390,304,1694,4,TA,TA
1094,NAmes,8,1965,864,1200,0,1200,1,Gd,TA
1095,NAmes,7,1956,936,936,0,936,2,TA,TA
1096,CollgCr,5,2006,1314,1314,0,1314,3,Gd,TA
1097,IDOTRR,7,1914,684,773,582,1355,3,Gd,
1098,StoneBr,5,1986,1074,1088,0,1088,2,Gd,TA
1099,BrkSide,6,1936,672,757,567,1324,3,TA,TA
1100,NWAmes,5,1978,1271,1601,0,1601,3,TA,TA
1101,SWISU,5,1920,290,438,0,438,1,Fa,TA
1102,NAmes,5,1971,950,950,0,950,3,TA,TA
1103,NAmes,7,1960,1010,1134,0,1134,2,TA,TA
1104,NAmes,6,1959,655,1194,0,1194,3,TA,TA
1105,BrDale,5,1970,630,630,672,1302,3,TA,TA
1106,NoRidge,5,1994,1463,1500,1122,2622,3,Gd,TA
1107,SawyerW,5,1990,910,1442,0,1442,3,Gd,TA
1108,Gilbert,5,2006,868,887,1134,2021,3,Gd,TA
1109,Gilbert,5,2000,924,948,742,1690,3,TA,TA
1110,NridgHt,5,2004,1836,1836,0,1836,3,Gd,TA
1111,Gilbert,5,1995,773,773,885,1658,3,TA,TA
1112,NWAmes,6,1976,803,1098,866,1964,4,TA,TA
1113,NAmes,7,1957,816,816,0,816,2,TA,TA
1114,NAmes,7,1953,1008,1008,0,1008,2,Gd,TA
1115,OldTown,7,1954,833,833,0,833,2,Gd,TA
1116,NridgHt,5,2007,1734,1734,0,1734,3,Ex,TA
1117,Gilbert,5,2002,408,779,640,1419,3,Gd,TA
1118,Sawyer,7,1967,894,894,0,894,3,Gd,TA
1119,Sawyer,6,1958,533,1021,580,1601,3,TA,TA
1120,NAmes,5,1959,1040,1040,0,1040,3,TA,TA
1121,IDOTRR,5,1920,1012,1012,0,1012,2,TA,TA
1122,CollgCr,5,2005,1552,1552,0,1552,3,Gd,TA
1123,Edwards,3,1956,672,960,0,960,3,TA,TA
1124,Edwards,9,1947,698,698,0,698,2,TA,
1125,Gilbert,5,1992,384,812,670,1482,3,Gd,TA
1126,NAmes,5,1955,1005,1005,0,1005,2,Fa,Fa
1127,Blmngtn,5,2007,1373,1555,0,1555,2,Gd,TA
1128,Gilbert,5,2004,1530,1530,0,1530,3,Gd,TA
1129,Gilbert,5,2004,847,847,1112,1959,4,Gd,TA
1130,OldTown,5,1980,936,936,0,936,2,TA,TA
1131,SWISU,3,1928,1122,1328,653,1981,4,Gd,TA
1132,Mitchel,5,1991,974,974,0,974,3,TA,
1133,OldTown,4,1880,1008,1178,1032,2210,5,Fa,TA
1134,SawyerW,5,1995,1128,1142,878,2020,3,Gd,TA
1135,Gilbert,5,1997,916,916,684,1600,3,TA,TA
1136,BrkSide,5,1926,960,986,0,986,2,TA,TA
1137,NAmes,5,1950,1032,1032,220,1252,3,TA,TA
1138,Sawyer,8,1875,780,780,240,1020,2,TA,
1139,Mitchel,5,1977,1567,1567,0,1567,2,Gd,TA
1140,BrkSide,5,1920,915,1167,0,1167,3,TA,TA
1141,NAmes,7,1951,952,952,0,952,2,TA,TA
1142,NWAmes,7,1976,780,1088,780,1868,4,Gd,TA
1143,CollgCr,5,2006,1466,1466,1362,2828,4,Gd,TA
1144,Sawyer,3,1959,1006,1006,0,1006,3,TA,
1145,Edwards,4,1941,672,672,252,924,2,Fa,TA
1146,BrkSide,6,1928,1042,1042,534,1576,3,TA,TA
1147,SawyerW,5,1985,1298,1298,0,1298,3,Gd,TA
1148,Crawfor,7,1941,704,860,704,1564,3,Fa,TA
1149,OldTown,7,1926,572,572,539,1111,2,TA,TA
1150,OldTown,9,1920,650,832,650,1482,3,TA,TA
1151,NAmes,5,1950,932,932,0,932,2,Gd,TA
1152,Edwards,4,1959,1466,1466,0,1466,3,Fa,TA
1153,Crawfor,7,1956,1073,1811,0,1811,2,Ex,TA
1154,IDOTRR,8,1930,816,816,0,816,2,TA,TA
1155,NAmes,6,1965,864,902,918,1820,4,Gd,TA
1156,Veenker,8,1976,1437,1437,0,1437,3,Gd,TA
1157,NAmes,8,1965,1219,1265,0,1265,3,Gd,TA
1158,NridgHt,5,2007,1314,1314,0,1314,2,Gd,TA
1159,Somerst,5,2007,1580,1580,0,1580,3,Gd,TA
1160,NWAmes,6,1974,901,943,933,1876,4,Gd,TA
1161,NPkVill,5,1978,855,855,601,1456,3,TA,TA
1162,Crawfor,7,1954,1296,1640,0,1640,3,Gd,TA
1163,Sawyer,5,1968,894,894,0,894,3,TA,TA
1164,Sawyer,4,1969,1198,1258,0,1258,0,TA,TA
1165,Veenker,7,1978,1360,1432,0,1432,2,Gd,TA
1166,NridgHt,5,2009,1502,1502,0,1502,3,Gd,TA
1167,CollgCr,5,2008,1694,1694,0,1694,3,Gd,TA
1168,Gilbert,5,2000,959,959,712,1671,3,TA,TA
1169,Edwards,7,1935,1127,1236,872,2108,4,Gd,TA
1170,NoRidge,5,1995,1930,1831,1796,3627,4,Gd,TA
1171,Mitchel,6,1977,1096,1118,0,1118,3,TA,TA
1172,NAmes,6,1958,1261,1261,0,1261,3,TA,TA
1173,Somerst,5,2006,625,625,625,1250,2,Gd,TA
1174,ClearCr,6,1946,1598,1636,971,3086,3,Ex,
1175,Crawfor,8,1932,952,1170,1175,2345,4,TA,TA
1176,NoRidge,5,1992,1683,2129,743,2872,4,Gd,TA
1177,Mitchel,5,1984,876,923,0,923,3,TA,TA
1178,OldTown,8,1926,818,818,406,1224,3,TA,TA
1179,Crawfor,6,1921,731,820,523,1343,3,TA,TA
1180,Edwards,5,1954,0,1124,0,1124,3,TA,
1181,Timber,5,1990,1216,1298,1216,2514,4,TA,TA
1182,Crawfor,5,2008,1600,1652,0,1652,2,Gd,TA
1183,NoRidge,5,1996,2396,2411,2065,4476,4,Ex,TA
1184,OldTown,6,1920,1120,1130,0,1130,2,TA,TA
1185,Timber,4,1963,1572,1572,0,1572,3,TA,TA
1186,Edwards,7,1924,784,949,272,1221,4,TA,TA
1187,OldTown,5,1900,978,1014,685,1699,3,TA,Fa
1188,NoRidge,5,1994,1624,1624,0,1624,2,Gd,TA
1189,CollgCr,5,2002,831,831,829,1660,3,Gd,TA
1190,Gilbert,5,1999,994,1028,776,1804,3,Gd,TA
1191,Mitchel,4,1961,1249,1622,0,1622,3,TA,TA
1192,Somerst,5,1999,776,764,677,1441,2,Gd,TA
1193,OldTown,8,1925,702,842,630,1472,3,Gd,Fa
1194,Mitchel,5,1999,1224,1224,0,1224,2,TA,TA
1195,Sawyer,7,1969,663,663,689,1352,4,TA,TA
1196,Gilbert,5,2005,728,728,728,1456,3,Gd,TA
1197,Gilbert,5,2006,879,879,984,1863,4,Gd,TA
1198,OldTown,6,1916,815,815,875,1690,3,TA,TA
1199,CollgCr,5,2001,1212,1212,0,1212,3,Gd,TA
1200,Sawyer,5,1963,1051,1382,0,1382,3,TA,TA
1201,NAmes,5,1970,864,864,0,864,3,TA,TA
1202,CollgCr,5,1998,866,866,913,1779,3,Gd,TA
1203,BrkSide,8,1925,884,884,464,1348,3,TA,TA
1204,CollgCr,5,2000,1630,1630,0,1630,3,Gd,TA
1205,NWAmes,6,1975,1056,1074,0,1074,3,TA,TA
1206,SawyerW,7,1990,2158,2196,0,2196,3,Gd,TA
1207,SawyerW,4,1966,1056,1056,0,1056,2,TA,TA
1208,CollgCr,5,2003,1682,1700,0,1700,3,Gd,TA
1209,NAmes,7,1962,931,1283,0,1283,3,TA,TA
1210,Somerst,5,2006,1660,1660,0,1660,3,Gd,TA
1211,SawyerW,5,1992,1055,1055,790,1845,3,Gd,TA
1212,Gilbert,7,1988,559,1080,672,1752,4,TA,TA
1213,Edwards,6,1941,672,672,0,672,2,TA,TA
1214,Sawyer,9,1965,648,960,0,960,0,TA,TA
1215,NAmes,5,1962,925,999,0,999,3,TA,TA
1216,Sawyer,5,1966,894,894,0,894,3,TA,TA
1217,Sawyer,5,1978,0,1318,584,1902,4,TA,TA
1218,Somerst,5,2009,1300,1314,0,1314,3,Gd,TA
1219,BrkSide,5,1947,0,672,240,912,2,TA,
1220,BrDale,5,1971,672,672,546,1218,3,TA,
1221,NAmes,5,1964,912,912,0,912,2,TA,TA
1222,Sawyer,5,1968,952,1211,0,1211,3,TA,TA
1223,NAmes,6,1949,1040,1168,678,1846,3,TA,TA
1224,NAmes,3,1951,2136,2136,0,2136,4,TA,TA
1225,Gilbert,5,2004,788,788,702,1490,3,Gd,TA
1226,NAmes,8,1958,588,1138,0,1138,3,TA,TA
1227,Somerst,5,2007,894,894,1039,1933,4,Gd,TA
1228,NAmes,8,1965,912,912,0,912,2,Gd,TA
1229,NridgHt,5,2008,1702,1702,0,1702,1,Ex,TA
1230,NAmes,5,1960,1075,1507,0,1507,4,TA,TA
1231,Sawyer,5,1977,1361,1361,1259,2620,4,TA,TA
1232,NAmes,6,1962,1106,1190,0,1190,3,TA,TA
1233,NAmes,5,1962,0,1224,0,1224,2,TA,TA
1234,NAmes,5,1959,1188,1188,0,1188,3,TA,TA
1235,SWISU,6,1911,940,1024,940,1964,4,TA,
1236,Crawfor,5,1914,747,892,892,1784,4,TA,Fa
1237,NridgHt,5,2003,764,764,862,1626,2,Gd,TA
1238,CollgCr,5,2004,847,847,1101,1948,4,Gd,TA
1239,SawyerW,5,2005,1141,1141,0,1141,3,TA,TA
1240,Timber,5,2006,1476,1484,0,1484,2,Ex,TA
1241,CollgCr,5,2003,884,884,884,1768,3,Gd,TA
1242,Somerst,6,2007,1689,1689,0,1689,3,Gd,TA
1243,NWAmes,6,1974,1053,1173,0,1173,3,Gd,TA
1244,NridgHt,5,2006,2076,2076,0,2076,2,Ex,TA
1245,Crawfor,7,1929,792,792,725,1517,3,Gd,TA
1246,NWAmes,7,1984,585,1140,728,1868,3,TA,TA
1247,Somerst,5,2005,756,756,797,1553,3,Gd,TA
1248,Mitchel,5,1976,1012,1034,0,1034,3,TA,TA
1249,OldTown,5,1917,735,1134,924,2058,3,TA,Fa
1250,NAmes,7,1950,876,988,0,988,3,TA,TA
1251,NAmes,5,1968,2110,2110,0,2110,3,Ex,TA
1252,NridgHt,5,2003,1405,1405,0,1405,2,Gd,TA
1253,Mitchel,6,1968,864,874,0,874,3,TA,TA
1254,Veenker,7,1974,1192,1516,651,2167,3,Gd,TA
1255,Edwards,5,2003,746,760,896,1656,3,Gd,TA
1256,BrkSide,6,1931,884,959,408,1367,3,TA,TA
1257,NoRidge,5,1994,1986,1987,0,1987,2,Gd,TA
1258,Edwards,8,1922,864,864,0,864,2,TA,
1259,Gilbert,5,2005,856,1166,0,1166,2,Gd,TA
1260,NAmes,8,1969,1054,1054,0,1054,3,TA,TA
1261,Gilbert,5,1999,841,892,783,1675,3,TA,TA
1262,NAmes,6,1956,1050,1050,0,1050,2,TA,TA
1263,ClearCr,5,1957,1104,1104,684,1788,5,TA,TA
1264,BrkSide,6,1919,764,1060,764,1824,3,TA,TA
1265,NAmes,5,1998,1405,1337,0,1337,2,Gd,TA
1266,Somerst,5,1999,691,713,739,1452,3,Gd,TA
1267,OldTown,4,1910,925,964,925,1889,4,TA,TA
1268,Timber,5,2008,2002,2018,0,2018,3,Ex,TA
1269,Crawfor,9,1935,728,1968,1479,3447,4,Gd,TA
1270,NAmes,5,1958,874,874,650,1524,3,TA,TA
1271,ClearCr,6,1979,1332,1332,192,1524,0,Gd,TA
1272,NWAmes,7,1968,1489,1489,0,1489,3,Gd,TA
1273,Sawyer,6,1965,935,935,0,935,3,TA,TA
1274,Edwards,7,1959,1019,1357,0,1357,2,Ex,TA
1275,Crawfor,6,1910,661,661,589,1250,3,TA,TA
1276,NAmes,5,1948,928,928,992,1920,4,TA,Fa
1277,NWAmes,6,1972,723,735,660,1395,3,TA,TA
1278,NWAmes,5,1967,1680,1724,0,1724,3,TA,TA
1279,CollgCr,5,2002,1128,1128,903,2031,3,Gd,TA
1280,IDOTRR,4,1920,698,698,430,1128,2,TA,TA
1281,CollgCr,5,2002,1573,1573,0,1573,3,Gd,TA
1282,Timber,5,1990,1309,1339,0,1339,2,TA,Gd
1283,CollgCr,7,1977,1040,1040,0,1040,3,Gd,TA
1284,Mitchel,5,1971,912,912,912,1824,4,TA,
1285,SWISU,7,1919,804,1699,748,2447,4,Gd,TA
1286,BrkSide,6,1939,780,825,587,1412,4,TA,TA
1287,NWAmes,5,1963,1328,1328,0,1328,3,TA,TA
1288,ClearCr,5,1964,1624,1582,0,1582,4,TA,TA
1289,StoneBr,5,2000,1501,1659,0,1659,2,Ex,TA
1290,NridgHt,5,2006,1085,1120,850,1970,3,Ex,TA
1291,NAmes,7,1964,1152,1152,0,1152,3,TA,TA
1292,BrDale,7,1972,630,630,672,1302,3,TA,TA
1293,OldTown,4,1892,994,1378,994,2372,4,TA,TA
1294,NWAmes,5,1976,832,832,832,1664,4,TA,TA
1295,Edwards,7,1955,864,864,0,864,2,TA,TA
1296,NAmes,5,1968,1052,1052,0,1052,3,TA,TA
1297,NAmes,6,1963,1120,1128,0,1128,3,TA,TA
1298,Edwards,5,2005,547,1072,0,1072,2,TA,TA
1299,Edwards,5,2008,6110,4692,950,5642,3,Ex,TA
1300,NAmes,7,1959,1246,1246,0,1246,3,Gd,TA
1301,Gilbert,5,1999,978,1005,978,1983,3,Gd,TA
1302,Crawfor,7,1942,771,753,741,1494,3,Gd,TA
1303,NoRidge,5,1994,1165,1203,1323,2526,4,Gd,TA
1304,Somerst,5,2005,1616,1616,0,1616,3,Gd,TA
1305,Edwards,5,2004,976,976,732,1708,3,Gd,TA
1306,NridgHt,5,2006,1652,1652,0,1652,2,Ex,TA
1307,NridgHt,5,2005,1368,1368,0,1368,2,Gd,TA
1308,CollgCr,5,1994,990,990,0,990,3,TA,TA
1309,OldTown,7,1948,924,1122,0,1122,2,Gd,TA
1310,SawyerW,5,1991,1278,1294,0,1294,3,Gd,TA
1311,Crawfor,8,1959,1902,1902,0,1902,3,Ex,TA
1312,CollgCr,5,2005,1274,1274,0,1274,3,Gd,TA
1313,NoRidge,5,1990,1453,1453,1357,2810,4,Gd,Gd
1314,NoRidge,5,1999,1393,1422,1177,2599,4,Gd,TA
1315,Edwards,6,1954,948,948,0,948,3,TA,TA
1316,NAmes,5,1969,952,1092,1020,2112,4,TA,TA
1317,CollgCr,5,2008,1622,1630,0,1630,3,Ex,TA
1318,Somerst,5,2006,1352,1352,0,1352,2,Gd,TA
1319,CollgCr,5,2001,1753,1787,0,1787,3,Gd,TA
1320,Edwards,5,1954,864,948,0,948,3,TA,TA
1321,NAmes,3,1957,1478,1478,0,1478,3,TA,TA
1322,BrkSide,6,1949,0,720,0,720,2,TA,Fa
1323,NoRidge,5,1992,750,1061,862,1923,3,Gd,TA
1324,BrkSide,7,1940,420,708,0,708,2,Fa,
1325,Somerst,5,2006,1795,1795,0,1795,2,Gd,TA
1326,IDOTRR,4,1922,796,796,0,796,2,TA,
1327,Edwards,6,1931,544,774,0,774,3,Gd,
1328,Mitchel,9,1982,816,816,0,816,3,Gd,TA
1329,OldTown,7,1920,1510,1584,1208,2792,5,TA,TA
1330,Gilbert,5,1998,935,955,677,1632,3,TA,TA
1331,Somerst,5,2006,1588,1588,0,1588,3,Gd,TA
1332,CollgCr,5,1976,911,954,0,954,3,TA,TA
1333,Edwards,6,1938,816,816,0,816,2,TA,Fa
1334,IDOTRR,6,1938,803,803,557,1360,2,Gd,TA
1335,BrDale,6,1970,765,765,600,1365,3,TA,TA
1336,NWAmes,5,1977,1350,1334,0,1334,2,TA,TA
1337,NWAmes,5,1973,1656,1656,0,1656,4,TA,TA
1338,OldTown,4,1941,693,693,0,693,2,Fa,
1339,CollgCr,5,2002,916,920,941,1861,3,Gd,TA
1340,CollgCr,7,1972,864,864,0,864,3,TA,TA
1341,NAmes,5,1971,858,872,0,872,3,TA,TA
1342,SawyerW,5,2003,1114,1114,0,1114,3,Gd,TA
1343,CollgCr,5,2002,1284,1284,885,2169,3,Gd,TA
1344,Crawfor,6,1928,896,1172,741,1913,3,TA,Fa
1345,CollgCr,5,2006,728,728,728,1456,3,Gd,TA
1346,OldTown,4,1920,960,960,0,960,2,Fa,TA
1347,NWAmes,7,1968,1568,2156,0,2156,3,TA,TA
1348,Timber,5,2006,1732,1776,0,1776,3,Gd,TA
1349,SawyerW,5,1998,1482,1494,0,1494,3,Gd,TA
1350,OldTown,5,1872,684,938,1215,2358,4,TA,
1351,NAmes,5,1969,1248,1338,1296,2634,6,TA,TA
1352,NAmes,6,1962,858,858,858,1716,4,TA,TA
1353,BrkSide,9,1937,698,786,390,1176,2,TA,TA
1354,NoRidge,5,1995,2033,2053,1185,3238,4,Gd,TA
1355,CollgCr,5,2000,992,992,873,1865,3,Gd,TA
1356,NWAmes,6,1968,570,1222,698,1920,4,Gd,TA
1357,NAmes,5,1966,864,892,0,892,3,TA,TA
1358,NAmes,6,1971,1078,1078,0,1078,3,TA,TA
1359,Somerst,5,2000,756,769,804,1573,3,Gd,TA
1360,NridgHt,5,2004,1980,1980,0,1980,3,Ex,TA
1361,SWISU,6,1921,612,990,1611,2601,4,TA,TA
1362,StoneBr,5,2005,1530,1530,0,1530,3,Gd,TA
1363,NAmes,4,1920,715,1281,457,1738,4,TA,TA
1364,Gilbert,5,2006,616,616,796,1412,3,Gd,TA
1365,Somerst,5,2005,600,520,600,1200,2,Gd,TA
1366,Somerst,5,2000,814,814,860,1674,3,Gd,TA
1367,CollgCr,5,1999,873,882,908,1790,3,Gd,TA
1368,MeadowV,6,1977,757,925,550,1475,4,TA,TA
1369,CollgCr,5,2003,848,848,0,848,1,Gd,TA
1370,CollgCr,5,2003,1657,1668,0,1668,3,Gd,TA
1371,OldTown,6,1920,840,840,534,1374,2,TA,TA
1372,NAmes,6,1955,992,1661,0,1661,3,Gd,TA
1373,CollgCr,6,1998,1108,1108,989,2097,3,Gd,TA
1374,NoRidge,5,2001,2633,2633,0,2633,2,Ex,TA
1375,Somerst,5,2005,1026,1026,932,1958,3,Gd,TA
1376,Timber,5,2007,1571,1571,0,1571,3,Gd,TA
1377,SWISU,5,1930,768,790,0,790,2,TA,TA
1378,Edwards,5,1941,984,984,620,1604,3,TA,TA
1379,BrDale,5,1973,483,483,504,987,2,TA,TA
1380,Timber,5,2006,384,754,640,1394,3,Gd,TA
1381,Edwards,3,1914,864,864,0,864,2,TA,Fa
1382,NAmes,7,1970,1205,2117,0,2117,4,TA,TA
1383,OldTown,7,1920,596,998,764,1762,4,Gd,TA
1384,Sawyer,7,1918,816,1416,0,1416,3,Gd,TA
1385,Edwards,5,1939,560,698,560,1258,2,TA,TA
1386,IDOTRR,8,1922,796,796,358,1154,3,Gd,TA
1387,NWAmes,5,1978,1392,1392,1392,2784,5,Gd,TA
1388,OldTown,7,1916,714,1664,862,2526,5,Gd,TA
1389,Gilbert,5,2006,1746,1746,0,1746,3,Ex,TA
1390,BrkSide,6,1941,735,869,349,1218,3,TA,TA
1391,CollgCr,5,2000,1525,1525,0,1525,3,Gd,TA
1392,NAmes,5,1967,1584,1584,0,1584,4,TA,TA
1393,NAmes,5,1967,864,900,0,900,3,TA,TA
1394,OldTown,7,1905,482,1221,691,1912,3,TA,TA
1395,Blmngtn,5,2006,1356,1500,0,1500,2,Gd,TA
1396,Timber,5,2005,1094,1133,1349,2482,4,Gd,TA
1397,Timber,5,1948,747,1687,0,1687,3,TA,TA
1398,BrkSide,8,1920,939,939,574,1513,4,TA,Fa
1399,NAmes,4,1950,1208,1136,768,1904,3,TA,TA
1400,SWISU,6,1925,976,1160,448,1608,3,Gd,TA
1401,BrkSide,7,1929,862,950,208,1158,3,TA,TA
1402,Gilbert,5,2004,839,864,729,1593,3,TA,TA
1403,CollgCr,5,2006,1286,1294,0,1294,2,Gd,TA
1404,Somerst,5,2007,1485,1464,0,1464,3,Gd,TA
1405,OldTown,4,1915,672,694,520,1214,3,TA,TA
1406,Crawfor,5,2004,1594,1646,0,1646,2,Gd,TA
1407,CollgCr,7,1972,768,768,0,768,2,TA,TA
1408,Mitchel,5,1985,833,833,0,833,3,TA,
1409,OldTown,7,1910,622,741,622,1363,3,TA,TA
1410,NWAmes,6,1986,791,1236,857,2093,3,TA,TA
1411,CollgCr,5,2001,944,944,896,1840,3,Gd,TA
1412,NAmes,8,1950,856,1112,556,1668,3,TA,TA
1413,NAmes,5,1949,0,1040,0,1040,2,TA,TA
1414,SawyerW,5,2005,1844,1844,0,1844,2,Gd,TA
1415,BrkSide,7,1923,833,1053,795,1848,4,Gd,TA
1416,Blmngtn,5,2007,1386,1569,0,1569,1,Gd,TA
1417,OldTown,6,1885,777,1246,1044,2290,4,TA,TA
1418,NoRidge,5,1998,1284,1310,1140,2450,3,Gd,TA
1419,NAmes,5,1963,1144,1144,0,1144,3,TA,TA
1420,Crawfor,5,1969,1844,1844,0,1844,3,Gd,TA
1421,NWAmes,6,1968,708,708,708,1416,3,TA,TA
1422,NPkVill,5,1977,1069,1069,0,1069,2,TA,TA
1423,CollgCr,5,2003,848,848,0,848,1,Gd,TA
1424,Edwards,7,1966,697,1575,626,2201,4,Gd,Gd
1425,NAmes,5,1958,1024,1344,0,1344,2,TA,TA
1426,NAmes,6,1959,1252,1252,0,1252,3,Gd,TA
1427,NoRidge,5,1994,1223,1223,904,2127,3,Gd,TA
1428,NAmes,6,1945,913,1048,510,1558,3,TA,TA
1429,OldTown,7,1940,788,804,0,804,2,Gd,TA
1430,NWAmes,7,1981,1440,1440,0,1440,3,Gd,TA
1431,Gilbert,5,2005,732,734,1104,1838,4,TA,TA
1432,NPkVill,6,1976,958,958,0,958,2,TA,TA
1433,OldTown,6,1927,656,968,0,968,4,TA,Fa
1434,Gilbert,5,2000,936,962,830,1792,3,TA,TA
1435,Mitchel,5,1977,1126,1126,0,1126,3,TA,TA
1436,NAmes,9,1962,1319,1537,0,1537,3,Gd,TA
1437,NAmes,6,1971,864,864,0,864,3,TA,TA
1438,NridgHt,5,2008,1932,1932,0,1932,2,Ex,TA
1439,OldTown,7,1957,912,1236,0,1236,2,TA,TA
1440,NWAmes,6,1979,539,1040,685,1725,3,TA,TA
1441,Crawfor,7,1922,588,1423,748,2555,3,TA,TA
1442,CollgCr,5,2004,848,848,0,848,1,Gd,TA
1443,Somerst,5,2008,1017,1026,981,2007,3,Ex,TA
1444,BrkSide,6,1916,952,952,0,952,2,Fa,Po
1445,CollgCr,5,2004,1422,1422,0,1422,3,Gd,TA
1446,Sawyer,5,1966,814,913,0,913,3,TA,TA
1447,Mitchel,7,1962,1188,1188,0,1188,3,TA,TA
1448,CollgCr,5,1995,1220,1220,870,2090,3,Gd,TA
1449,Edwards,7,1910,560,796,550,1346,2,TA,TA
1450,MeadowV,7,1970,630,630,0,630,1,Ex,
1451,NAmes,5,1974,896,896,896,1792,4,TA,
1452,Somerst,5,2008,1573,1578,0,1578,3,Ex,TA
1453,Edwards,5,2005,547,1072,0,1072,2,TA,TA
1454,Mitchel,5,2006,1140,1140,0,1140,3,TA,
1455,Somerst,5,2004,1221,1221,0,1221,2,Gd,TA
1456,Gilbert,5,1999,953,953,694,1647,3,TA,TA
1457,NWAmes,6,1978,1542,2073,0,2073,3,TA,TA
1458,Crawfor,9,1941,1152,1188,1152,2340,4,Gd,TA
1459,NAmes,6,1950,1078,1078,0,1078,2,Gd,TA
1460,Edwards,6,1965,1256,1256,0,1256,3,TA,TA
