LotArea,Utilities,Id_ Property,Id
8450,AllPub,1,P00001
9600,AllPub,2,P00002
11250,AllPub,3,P00003
9550,AllPub,4,P00004
14260,AllPub,5,P00005
14115,AllPub,6,P00006
10084,AllPub,7,P00007
10382,AllPub,8,P00008
6120,AllPub,9,P00009
7420,AllPub,10,P00010
11200,AllPub,11,P00011
11924,AllPub,12,P00012
12968,AllPub,13,P00013
10652,AllPub,14,P00014
10920,AllPub,15,P00015
6120,AllPub,16,P00016
11241,AllPub,17,P00017
10791,AllPub,18,P00018
13695,AllPub,19,P00019
7560,AllPub,20,P00020
14215,AllPub,21,P00021
7449,AllPub,22,P00022
9742,AllPub,23,P00023
4224,AllPub,24,P00024
8246,AllPub,25,P00025
14230,AllPub,26,P00026
7200,AllPub,27,P00027
11478,AllPub,28,P00028
16321,AllPub,29,P00029
6324,AllPub,30,P00030
8500,AllPub,31,P00031
8544,AllPub,32,P00032
11049,AllPub,33,P00033
10552,AllPub,34,P00034
7313,AllPub,35,P00035
13418,AllPub,36,P00036
10859,AllPub,37,P00037
8532,AllPub,38,P00038
7922,AllPub,39,P00039
6040,AllPub,40,P00040
8658,AllPub,41,P00041
16905,AllPub,42,P00042
9180,AllPub,43,P00043
9200,AllPub,44,P00044
7945,AllPub,45,P00045
7658,AllPub,46,P00046
12822,AllPub,47,P00047
11096,AllPub,48,P00048
4456,AllPub,49,P00049
7742,AllPub,50,P00050
13869,AllPub,51,P00051
6240,AllPub,52,P00052
8472,AllPub,53,P00053
50271,AllPub,54,P00054
7134,AllPub,55,P00055
10175,AllPub,56,P00056
2645,AllPub,57,P00057
11645,AllPub,58,P00058
13682,AllPub,59,P00059
7200,AllPub,60,P00060
13072,AllPub,61,P00061
7200,AllPub,62,P00062
6442,AllPub,63,P00063
10300,AllPub,64,P00064
9375,AllPub,65,P00065
9591,AllPub,66,P00066
19900,AllPub,67,P00067
10665,AllPub,68,P00068
4608,AllPub,69,P00069
15593,AllPub,70,P00070
13651,AllPub,71,P00071
7599,AllPub,72,P00072
10141,AllPub,73,P00073
10200,AllPub,74,P00074
5790,AllPub,75,P00075
1596,AllPub,76,P00076
8475,AllPub,77,P00077
8635,AllPub,78,P00078
10778,AllPub,79,P00079
10440,AllPub,80,P00080
13000,AllPub,81,P00081
4500,AllPub,82,P00082
10206,AllPub,83,P00083
8892,AllPub,84,P00084
8530,AllPub,85,P00085
16059,AllPub,86,P00086
11911,AllPub,87,P00087
3951,AllPub,88,P00088
8470,AllPub,89,P00089
8070,AllPub,90,P00090
7200,AllPub,91,P00091
8500,AllPub,92,P00092
13360,AllPub,93,P00093
7200,AllPub,94,P00094
9337,AllPub,95,P00095
9765,AllPub,96,P00096
10264,AllPub,97,P00097
10921,AllPub,98,P00098
10625,AllPub,99,P00099
9320,AllPub,100,P00100
10603,AllPub,101,P00101
9206,AllPub,102,P00102
7018,AllPub,103,P00103
10402,AllPub,104,P00104
7758,AllPub,105,P00105
9375,AllPub,106,P00106
10800,AllPub,107,P00107
6000,AllPub,108,P00108
8500,AllPub,109,P00109
11751,AllPub,110,P00110
9525,AllPub,111,P00111
7750,AllPub,112,P00112
9965,AllPub,113,P00113
21000,AllPub,114,P00114
7259,AllPub,115,P00115
3230,AllPub,116,P00116
11616,AllPub,117,P00117
8536,AllPub,118,P00118
12376,AllPub,119,P00119
8461,AllPub,120,P00120
21453,AllPub,121,P00121
6060,AllPub,122,P00122
9464,AllPub,123,P00123
7892,AllPub,124,P00124
17043,AllPub,125,P00125
6780,AllPub,126,P00126
4928,AllPub,127,P00127
4388,AllPub,128,P00128
7590,AllPub,129,P00129
8973,AllPub,130,P00130
14200,AllPub,131,P00131
12224,AllPub,132,P00132
7388,AllPub,133,P00133
6853,AllPub,134,P00134
10335,AllPub,135,P00135
10400,AllPub,136,P00136
10355,AllPub,137,P00137
11070,AllPub,138,P00138
9066,AllPub,139,P00139
15426,AllPub,140,P00140
10500,AllPub,141,P00141
11645,AllPub,142,P00142
8520,AllPub,143,P00143
10335,AllPub,144,P00144
9100,AllPub,145,P00145
2522,AllPub,146,P00146
6120,AllPub,147,P00147
9505,AllPub,148,P00148
7500,AllPub,149,P00149
6240,AllPub,150,P00150
10356,AllPub,151,P00151
13891,AllPub,152,P00152
14803,AllPub,153,P00153
13500,AllPub,154,P00154
11340,AllPub,155,P00155
9600,AllPub,156,P00156
7200,AllPub,157,P00157
12003,AllPub,158,P00158
12552,AllPub,159,P00159
19378,AllPub,160,P00160
11120,AllPub,161,P00161
13688,AllPub,162,P00162
12182,AllPub,163,P00163
5500,AllPub,164,P00164
5400,AllPub,165,P00165
10106,AllPub,166,P00166
10708,AllPub,167,P00167
10562,AllPub,168,P00168
8244,AllPub,169,P00169
16669,AllPub,170,P00170
12358,AllPub,171,P00171
31770,AllPub,172,P00172
5306,AllPub,173,P00173
10197,AllPub,174,P00174
12416,AllPub,175,P00175
12615,AllPub,176,P00176
10029,AllPub,177,P00177
13650,AllPub,178,P00178
17423,AllPub,179,P00179
8520,AllPub,180,P00180
2117,AllPub,181,P00181
7588,AllPub,182,P00182
9060,AllPub,183,P00183
11426,AllPub,184,P00184
7438,AllPub,185,P00185
22950,AllPub,186,P00186
9947,AllPub,187,P00187
10410,AllPub,188,P00188
7018,AllPub,189,P00189
4923,AllPub,190,P00190
10570,AllPub,191,P00191
7472,AllPub,192,P00192
9017,AllPub,193,P00193
2522,AllPub,194,P00194
7180,AllPub,195,P00195
2280,AllPub,196,P00196
9416,AllPub,197,P00197
25419,AllPub,198,P00198
5520,AllPub,199,P00199
9591,AllPub,200,P00200
8546,AllPub,201,P00201
10125,AllPub,202,P00202
7000,AllPub,203,P00203
4438,AllPub,204,P00204
3500,AllPub,205,P00205
11851,AllPub,206,P00206
13673,AllPub,207,P00207
12493,AllPub,208,P00208
14364,AllPub,209,P00209
8250,AllPub,210,P00210
5604,AllPub,211,P00211
10420,AllPub,212,P00212
8640,AllPub,213,P00213
13568,AllPub,214,P00214
10900,AllPub,215,P00215
10011,AllPub,216,P00216
8450,AllPub,217,P00217
9906,AllPub,218,P00218
15660,AllPub,219,P00219
3010,AllPub,220,P00220
8990,AllPub,221,P00221
8068,AllPub,222,P00222
11475,AllPub,223,P00223
10500,AllPub,224,P00224
13472,AllPub,225,P00225
1680,AllPub,226,P00226
9950,AllPub,227,P00227
1869,AllPub,228,P00228
8521,AllPub,229,P00229
3182,AllPub,230,P00230
8760,AllPub,231,P00231
15138,AllPub,232,P00232
1680,AllPub,233,P00233
10650,AllPub,234,P00234
7851,AllPub,235,P00235
1680,AllPub,236,P00236
8773,AllPub,237,P00237
9453,AllPub,238,P00238
12030,AllPub,239,P00239
8741,AllPub,240,P00240
9000,AllPub,241,P00241
3880,AllPub,242,P00242
5000,AllPub,243,P00243
10762,AllPub,244,P00244
8880,AllPub,245,P00245
10400,AllPub,246,P00246
9142,AllPub,247,P00247
11310,AllPub,248,P00248
11317,AllPub,249,P00249
159000,AllPub,250,P00250
5350,AllPub,251,P00251
4750,AllPub,252,P00252
8366,AllPub,253,P00253
9350,AllPub,254,P00254
8400,AllPub,255,P00255
8738,AllPub,256,P00256
8791,AllPub,257,P00257
8814,AllPub,258,P00258
12435,AllPub,259,P00259
12702,AllPub,260,P00260
19296,AllPub,261,P00261
9588,AllPub,262,P00262
8471,AllPub,263,P00263
5500,AllPub,264,P00264
5232,AllPub,265,P00265
12090,AllPub,266,P00266
11207,AllPub,267,P00267
8400,AllPub,268,P00268
6900,AllPub,269,P00269
7917,AllPub,270,P00270
10728,AllPub,271,P00271
39104,AllPub,272,P00272
11764,AllPub,273,P00273
9600,AllPub,274,P00274
8314,AllPub,275,P00275
7264,AllPub,276,P00276
9196,AllPub,277,P00277
19138,AllPub,278,P00278
14450,AllPub,279,P00279
10005,AllPub,280,P00280
11287,AllPub,281,P00281
7200,AllPub,282,P00282
5063,AllPub,283,P00283
9612,AllPub,284,P00284
8012,AllPub,285,P00285
4251,AllPub,286,P00286
9786,AllPub,287,P00287
8125,AllPub,288,P00288
9819,AllPub,289,P00289
8730,AllPub,290,P00290
15611,AllPub,291,P00291
5687,AllPub,292,P00292
11409,AllPub,293,P00293
16659,AllPub,294,P00294
9600,AllPub,295,P00295
7937,AllPub,296,P00296
13710,AllPub,297,P00297
7399,AllPub,298,P00298
11700,AllPub,299,P00299
14000,AllPub,300,P00300
15750,AllPub,301,P00301
16226,AllPub,302,P00302
13704,AllPub,303,P00303
9800,AllPub,304,P00304
18386,AllPub,305,P00305
10386,AllPub,306,P00306
13474,AllPub,307,P00307
7920,AllPub,308,P00308
12342,AllPub,309,P00309
12378,AllPub,310,P00310
7685,AllPub,311,P00311
8000,AllPub,312,P00312
7800,AllPub,313,P00313
215245,AllPub,314,P00314
9600,AllPub,315,P00315
7795,AllPub,316,P00316
13005,AllPub,317,P00317
9000,AllPub,318,P00318
9900,AllPub,319,P00319
14115,AllPub,320,P00320
16259,AllPub,321,P00321
12099,AllPub,322,P00322
10380,AllPub,323,P00323
5820,AllPub,324,P00324
11275,AllPub,325,P00325
5000,AllPub,326,P00326
10846,AllPub,327,P00327
11600,AllPub,328,P00328
11888,AllPub,329,P00329
6402,AllPub,330,P00330
10624,AllPub,331,P00331
8176,AllPub,332,P00332
10655,AllPub,333,P00333
8198,AllPub,334,P00334
9042,AllPub,335,P00335
164660,AllPub,336,P00336
14157,AllPub,337,P00337
9135,AllPub,338,P00338
14145,AllPub,339,P00339
12400,AllPub,340,P00340
14191,AllPub,341,P00341
8400,AllPub,342,P00342
8544,AllPub,343,P00343
8849,AllPub,344,P00344
2592,AllPub,345,P00345
6435,AllPub,346,P00346
12772,AllPub,347,P00347
17600,AllPub,348,P00348
2448,AllPub,349,P00349
20431,AllPub,350,P00350
7820,AllPub,351,P00351
5271,AllPub,352,P00352
9084,AllPub,353,P00353
8520,AllPub,354,P00354
8400,AllPub,355,P00355
11249,AllPub,356,P00356
9248,AllPub,357,P00357
4224,AllPub,358,P00358
6930,AllPub,359,P00359
12011,AllPub,360,P00360
7540,AllPub,361,P00361
9144,AllPub,362,P00362
7301,AllPub,363,P00363
1680,AllPub,364,P00364
18800,AllPub,365,P00365
10690,AllPub,366,P00366
9500,AllPub,367,P00367
9150,AllPub,368,P00368
7800,AllPub,369,P00369
9830,AllPub,370,P00370
8121,AllPub,371,P00371
17120,AllPub,372,P00372
7175,AllPub,373,P00373
10634,AllPub,374,P00374
8200,AllPub,375,P00375
10020,AllPub,376,P00376
8846,AllPub,377,P00377
11143,AllPub,378,P00378
11394,AllPub,379,P00379
8123,AllPub,380,P00380
5000,AllPub,381,P00381
7200,AllPub,382,P00382
9245,AllPub,383,P00383
9000,AllPub,384,P00384
53107,AllPub,385,P00385
3182,AllPub,386,P00386
8410,AllPub,387,P00387
7200,AllPub,388,P00388
9382,AllPub,389,P00389
12474,AllPub,390,P00390
8405,AllPub,391,P00391
12209,AllPub,392,P00392
8339,AllPub,393,P00393
7446,AllPub,394,P00394
10134,AllPub,395,P00395
9571,AllPub,396,P00396
7200,AllPub,397,P00397
7590,AllPub,398,P00398
8967,AllPub,399,P00399
8125,AllPub,400,P00400
14963,AllPub,401,P00401
8767,AllPub,402,P00402
10200,AllPub,403,P00403
12090,AllPub,404,P00404
10364,AllPub,405,P00405
9991,AllPub,406,P00406
10480,AllPub,407,P00407
15576,AllPub,408,P00408
14154,AllPub,409,P00409
10800,AllPub,410,P00410
9571,AllPub,411,P00411
34650,AllPub,412,P00412
4403,AllPub,413,P00413
8960,AllPub,414,P00414
11228,AllPub,415,P00415
8899,AllPub,416,P00416
7844,AllPub,417,P00417
22420,AllPub,418,P00418
8160,AllPub,419,P00419
8450,AllPub,420,P00420
7060,AllPub,421,P00421
16635,AllPub,422,P00422
21750,AllPub,423,P00423
9200,AllPub,424,P00424
9000,AllPub,425,P00425
3378,AllPub,426,P00426
12800,AllPub,427,P00427
8593,AllPub,428,P00428
6762,AllPub,429,P00429
11457,AllPub,430,P00430
1680,AllPub,431,P00431
5586,AllPub,432,P00432
1920,AllPub,433,P00433
10839,AllPub,434,P00434
1890,AllPub,435,P00435
10667,AllPub,436,P00436
4400,AllPub,437,P00437
6000,AllPub,438,P00438
4280,AllPub,439,P00439
12354,AllPub,440,P00440
15431,AllPub,441,P00441
12108,AllPub,442,P00442
6240,AllPub,443,P00443
3922,AllPub,444,P00444
8750,AllPub,445,P00445
9855,AllPub,446,P00446
16492,AllPub,447,P00447
11214,AllPub,448,P00448
8600,AllPub,449,P00449
6000,AllPub,450,P00450
5684,AllPub,451,P00451
70761,AllPub,452,P00452
9303,AllPub,453,P00453
9000,AllPub,454,P00454
9297,AllPub,455,P00455
9600,AllPub,456,P00456
4571,AllPub,457,P00457
53227,AllPub,458,P00458
5100,AllPub,459,P00459
7015,AllPub,460,P00460
8004,AllPub,461,P00461
7200,AllPub,462,P00462
8281,AllPub,463,P00463
11988,AllPub,464,P00464
8430,AllPub,465,P00465
3072,AllPub,466,P00466
10628,AllPub,467,P00467
9480,AllPub,468,P00468
11428,AllPub,469,P00469
9291,AllPub,470,P00470
6820,AllPub,471,P00471
11952,AllPub,472,P00472
3675,AllPub,473,P00473
14977,AllPub,474,P00474
5330,AllPub,475,P00475
8480,AllPub,476,P00476
13125,AllPub,477,P00477
13693,AllPub,478,P00478
10637,AllPub,479,P00479
5925,AllPub,480,P00480
16033,AllPub,481,P00481
11846,AllPub,482,P00482
2500,AllPub,483,P00483
4500,AllPub,484,P00484
7758,AllPub,485,P00485
9600,AllPub,486,P00486
10289,AllPub,487,P00487
12243,AllPub,488,P00488
10800,AllPub,489,P00489
1526,AllPub,490,P00490
2665,AllPub,491,P00491
9490,AllPub,492,P00492
15578,AllPub,493,P00493
7931,AllPub,494,P00494
5784,AllPub,495,P00495
7879,AllPub,496,P00496
12692,AllPub,497,P00497
9120,AllPub,498,P00498
7800,AllPub,499,P00499
7535,AllPub,500,P00500
1890,AllPub,501,P00501
9803,AllPub,502,P00502
9170,AllPub,503,P00503
15602,AllPub,504,P00504
2308,AllPub,505,P00505
7596,AllPub,506,P00506
9554,AllPub,507,P00507
7862,AllPub,508,P00508
9600,AllPub,509,P00509
9600,AllPub,510,P00510
14559,AllPub,511,P00511
6792,AllPub,512,P00512
9100,AllPub,513,P00513
9187,AllPub,514,P00514
10594,AllPub,515,P00515
12220,AllPub,516,P00516
10448,AllPub,517,P00517
10208,AllPub,518,P00518
9531,AllPub,519,P00519
10918,AllPub,520,P00520
10800,AllPub,521,P00521
11988,AllPub,522,P00522
5000,AllPub,523,P00523
40094,AllPub,524,P00524
11787,AllPub,525,P00525
7500,AllPub,526,P00526
13300,AllPub,527,P00527
14948,AllPub,528,P00528
9098,AllPub,529,P00529
32668,AllPub,530,P00530
10200,AllPub,531,P00531
6155,AllPub,532,P00532
7200,AllPub,533,P00533
5000,AllPub,534,P00534
9056,AllPub,535,P00535
7000,AllPub,536,P00536
8924,AllPub,537,P00537
12735,AllPub,538,P00538
11553,AllPub,539,P00539
11423,AllPub,540,P00540
14601,AllPub,541,P00541
11000,AllPub,542,P00542
10140,AllPub,543,P00543
4058,AllPub,544,P00544
17104,AllPub,545,P00545
13837,AllPub,546,P00546
8737,AllPub,547,P00547
7244,AllPub,548,P00548
8235,AllPub,549,P00549
9375,AllPub,550,P00550
4043,AllPub,551,P00551
6000,AllPub,552,P00552
11146,AllPub,553,P00553
8777,AllPub,554,P00554
10625,AllPub,555,P00555
6380,AllPub,556,P00556
14850,AllPub,557,P00557
11040,AllPub,558,P00558
21872,AllPub,559,P00559
3196,AllPub,560,P00560
11341,AllPub,561,P00561
10010,AllPub,562,P00562
13907,AllPub,563,P00563
21780,AllPub,564,P00564
13346,AllPub,565,P00565
6858,AllPub,566,P00566
11198,AllPub,567,P00567
10171,AllPub,568,P00568
12327,AllPub,569,P00569
7032,AllPub,570,P00570
13101,AllPub,571,P00571
7332,AllPub,572,P00572
13159,AllPub,573,P00573
9967,AllPub,574,P00574
10500,AllPub,575,P00575
8480,AllPub,576,P00576
6292,AllPub,577,P00577
11777,AllPub,578,P00578
3604,AllPub,579,P00579
12150,AllPub,580,P00580
14585,AllPub,581,P00581
12704,AllPub,582,P00582
11841,AllPub,583,P00583
13500,AllPub,584,P00584
6120,AllPub,585,P00585
11443,AllPub,586,P00586
10267,AllPub,587,P00587
8740,AllPub,588,P00588
25095,AllPub,589,P00589
9100,AllPub,590,P00590
8320,AllPub,591,P00591
13478,AllPub,592,P00592
6600,AllPub,593,P00593
4435,AllPub,594,P00594
7990,AllPub,595,P00595
11302,AllPub,596,P00596
3600,AllPub,597,P00597
3922,AllPub,598,P00598
12984,AllPub,599,P00599
1950,AllPub,600,P00600
10927,AllPub,601,P00601
9000,AllPub,602,P00602
10041,AllPub,603,P00603
3182,AllPub,604,P00604
12803,AllPub,605,P00605
13600,AllPub,606,P00606
12464,AllPub,607,P00607
7800,AllPub,608,P00608
12168,AllPub,609,P00609
7943,AllPub,610,P00610
11050,AllPub,611,P00611
10395,AllPub,612,P00612
11885,AllPub,613,P00613
8402,AllPub,614,P00614
1491,AllPub,615,P00615
8800,AllPub,616,P00616
7861,AllPub,617,P00617
7227,AllPub,618,P00618
11694,AllPub,619,P00619
12244,AllPub,620,P00620
8248,AllPub,621,P00621
10800,AllPub,622,P00622
7064,AllPub,623,P00623
2117,AllPub,624,P00624
10400,AllPub,625,P00625
10000,AllPub,626,P00626
12342,AllPub,627,P00627
9600,AllPub,628,P00628
11606,AllPub,629,P00629
9020,AllPub,630,P00630
9000,AllPub,631,P00631
4590,AllPub,632,P00632
11900,AllPub,633,P00633
9250,AllPub,634,P00634
6979,AllPub,635,P00635
10896,AllPub,636,P00636
6120,AllPub,637,P00637
6000,AllPub,638,P00638
8777,AllPub,639,P00639
3982,AllPub,640,P00640
12677,AllPub,641,P00641
7050,AllPub,642,P00642
13860,AllPub,643,P00643
10793,AllPub,644,P00644
9187,AllPub,645,P00645
10530,AllPub,646,P00646
7200,AllPub,647,P00647
10452,AllPub,648,P00648
7700,AllPub,649,P00649
1936,AllPub,650,P00650
8125,AllPub,651,P00651
9084,AllPub,652,P00652
8750,AllPub,653,P00653
10320,AllPub,654,P00654
10437,AllPub,655,P00655
1680,AllPub,656,P00656
10007,AllPub,657,P00657
7200,AllPub,658,P00658
17503,AllPub,659,P00659
9937,AllPub,660,P00660
12384,AllPub,661,P00661
46589,AllPub,662,P00662
13560,AllPub,663,P00663
10012,AllPub,664,P00664
20896,AllPub,665,P00665
11194,AllPub,666,P00666
18450,AllPub,667,P00667
8125,AllPub,668,P00668
14175,AllPub,669,P00669
11600,AllPub,670,P00670
8633,AllPub,671,P00671
6629,AllPub,672,P00672
11250,AllPub,673,P00673
14442,AllPub,674,P00674
9200,AllPub,675,P00675
2289,AllPub,676,P00676
9600,AllPub,677,P00677
9022,AllPub,678,P00678
11844,AllPub,679,P00679
9945,AllPub,680,P00680
8012,AllPub,681,P00681
4500,AllPub,682,P00682
2887,AllPub,683,P00683
11248,AllPub,684,P00684
16770,AllPub,685,P00685
5062,AllPub,686,P00686
10207,AllPub,687,P00687
5105,AllPub,688,P00688
8089,AllPub,689,P00689
7577,AllPub,690,P00690
4426,AllPub,691,P00691
21535,AllPub,692,P00692
26178,AllPub,693,P00693
5400,AllPub,694,P00694
6120,AllPub,695,P00695
13811,AllPub,696,P00696
6000,AllPub,697,P00697
6420,AllPub,698,P00698
8450,AllPub,699,P00699
4282,AllPub,700,P00700
14331,AllPub,701,P00701
9600,AllPub,702,P00702
12438,AllPub,703,P00703
7630,AllPub,704,P00704
8400,AllPub,705,P00705
5600,AllPub,706,P00706
115149,AllPub,707,P00707
6240,AllPub,708,P00708
9018,AllPub,709,P00709
7162,AllPub,710,P00710
4130,AllPub,711,P00711
8712,AllPub,712,P00712
4671,AllPub,713,P00713
9873,AllPub,714,P00714
13517,AllPub,715,P00715
10140,AllPub,716,P00716
10800,AllPub,717,P00717
10000,AllPub,718,P00718
10542,AllPub,719,P00719
9920,AllPub,720,P00720
6563,AllPub,721,P00721
4426,AllPub,722,P00722
8120,AllPub,723,P00723
8172,AllPub,724,P00724
13286,AllPub,725,P00725
6960,AllPub,726,P00726
21695,AllPub,727,P00727
7314,AllPub,728,P00728
11475,AllPub,729,P00729
6240,AllPub,730,P00730
5389,AllPub,731,P00731
9590,AllPub,732,P00732
11404,AllPub,733,P00733
10000,AllPub,734,P00734
8978,AllPub,735,P00735
10800,AllPub,736,P00736
8544,AllPub,737,P00737
10463,AllPub,738,P00738
10800,AllPub,739,P00739
9313,AllPub,740,P00740
9600,AllPub,741,P00741
6768,AllPub,742,P00742
8450,AllPub,743,P00743
12886,AllPub,744,P00744
5395,AllPub,745,P00745
8963,AllPub,746,P00746
8795,AllPub,747,P00747
11700,AllPub,748,P00748
10593,AllPub,749,P00749
8405,AllPub,750,P00750
8800,AllPub,751,P00751
7750,AllPub,752,P00752
9236,AllPub,753,P00753
10240,AllPub,754,P00754
7930,AllPub,755,P00755
3230,AllPub,756,P00756
10769,AllPub,757,P00757
11616,AllPub,758,P00758
2280,AllPub,759,P00759
12257,AllPub,760,P00760
9100,AllPub,761,P00761
6911,AllPub,762,P00762
8640,AllPub,763,P00763
9430,AllPub,764,P00764
9549,AllPub,765,P00765
14587,AllPub,766,P00766
10421,AllPub,767,P00767
12508,AllPub,768,P00768
9100,AllPub,769,P00769
53504,AllPub,770,P00770
7252,AllPub,771,P00771
8877,AllPub,772,P00772
7819,AllPub,773,P00773
10150,AllPub,774,P00774
14226,AllPub,775,P00775
4500,AllPub,776,P00776
11210,AllPub,777,P00777
13350,AllPub,778,P00778
8400,AllPub,779,P00779
10530,AllPub,780,P00780
7875,AllPub,781,P00781
7153,AllPub,782,P00782
16285,AllPub,783,P00783
9101,AllPub,784,P00784
6300,AllPub,785,P00785
9790,AllPub,786,P00786
10800,AllPub,787,P00787
10142,AllPub,788,P00788
6000,AllPub,789,P00789
12205,AllPub,790,P00790
3182,AllPub,791,P00791
11333,AllPub,792,P00792
9920,AllPub,793,P00793
9158,AllPub,794,P00794
10832,AllPub,795,P00795
8400,AllPub,796,P00796
8197,AllPub,797,P00797
7677,AllPub,798,P00798
13518,AllPub,799,P00799
7200,AllPub,800,P00800
12798,AllPub,801,P00801
4800,AllPub,802,P00802
8199,AllPub,803,P00803
13891,AllPub,804,P00804
9000,AllPub,805,P00805
12274,AllPub,806,P00806
9750,AllPub,807,P00807
21384,AllPub,808,P00808
13400,AllPub,809,P00809
8100,AllPub,810,P00810
10140,AllPub,811,P00811
4438,AllPub,812,P00812
8712,AllPub,813,P00813
9750,AllPub,814,P00814
8248,AllPub,815,P00815
12137,AllPub,816,P00816
11425,AllPub,817,P00817
13265,AllPub,818,P00818
8816,AllPub,819,P00819
6371,AllPub,820,P00820
7226,AllPub,821,P00821
6000,AllPub,822,P00822
12394,AllPub,823,P00823
9900,AllPub,824,P00824
11216,AllPub,825,P00825
14803,AllPub,826,P00826
6130,AllPub,827,P00827
8529,AllPub,828,P00828
28698,AllPub,829,P00829
2544,AllPub,830,P00830
11900,AllPub,831,P00831
3180,AllPub,832,P00832
9548,AllPub,833,P00833
10004,AllPub,834,P00834
7875,AllPub,835,P00835
9600,AllPub,836,P00836
8100,AllPub,837,P00837
1680,AllPub,838,P00838
9525,AllPub,839,P00839
11767,AllPub,840,P00840
12155,AllPub,841,P00841
10440,AllPub,842,P00842
9020,AllPub,843,P00843
8000,AllPub,844,P00844
12665,AllPub,845,P00845
16647,AllPub,846,P00846
9317,AllPub,847,P00847
15523,AllPub,848,P00848
45600,AllPub,849,P00849
9600,AllPub,850,P00850
4435,AllPub,851,P00851
3196,AllPub,852,P00852
7128,AllPub,853,P00853
12095,AllPub,854,P00854
17920,AllPub,855,P00855
6897,AllPub,856,P00856
10970,AllPub,857,P00857
8125,AllPub,858,P00858
10400,AllPub,859,P00859
11029,AllPub,860,P00860
7642,AllPub,861,P00861
11625,AllPub,862,P00862
9672,AllPub,863,P00863
7931,AllPub,864,P00864
8640,AllPub,865,P00865
8750,AllPub,866,P00866
10656,AllPub,867,P00867
6970,AllPub,868,P00868
14762,AllPub,869,P00869
9938,AllPub,870,P00870
6600,AllPub,871,P00871
8750,AllPub,872,P00872
8892,AllPub,873,P00873
12144,AllPub,874,P00874
5720,AllPub,875,P00875
9000,AllPub,876,P00876
25286,AllPub,877,P00877
8834,AllPub,878,P00878
11782,AllPub,879,P00879
7000,AllPub,880,P00880
7024,AllPub,881,P00881
13758,AllPub,882,P00882
9636,AllPub,883,P00883
6204,AllPub,884,P00884
7150,AllPub,885,P00885
5119,AllPub,886,P00886
8393,AllPub,887,P00887
16466,AllPub,888,P00888
15865,AllPub,889,P00889
12160,AllPub,890,P00890
8064,AllPub,891,P00891
11184,AllPub,892,P00892
8414,AllPub,893,P00893
13284,AllPub,894,P00894
7018,AllPub,895,P00895
7056,AllPub,896,P00896
8765,AllPub,897,P00897
7018,AllPub,898,P00898
12919,AllPub,899,P00899
6993,AllPub,900,P00900
7340,AllPub,901,P00901
8712,AllPub,902,P00902
7875,AllPub,903,P00903
14859,AllPub,904,P00904
6173,AllPub,905,P00905
9920,AllPub,906,P00906
13501,AllPub,907,P00907
11500,AllPub,908,P00908
8885,AllPub,909,P00909
12589,AllPub,910,P00910
11600,AllPub,911,P00911
9286,AllPub,912,P00912
6120,AllPub,913,P00913
6270,AllPub,914,P00914
3000,AllPub,915,P00915
2001,AllPub,916,P00916
9000,AllPub,917,P00917
17140,AllPub,918,P00918
13125,AllPub,919,P00919
11029,AllPub,920,P00920
8462,AllPub,921,P00921
8777,AllPub,922,P00922
10237,AllPub,923,P00923
8012,AllPub,924,P00924
10240,AllPub,925,P00925
15611,AllPub,926,P00926
11999,AllPub,927,P00927
9900,AllPub,928,P00928
11838,AllPub,929,P00929
13006,AllPub,930,P00930
8925,AllPub,931,P00931
9100,AllPub,932,P00932
11670,AllPub,933,P00933
8487,AllPub,934,P00934
27650,AllPub,935,P00935
5825,AllPub,936,P00936
10083,AllPub,937,P00937
9675,AllPub,938,P00938
8760,AllPub,939,P00939
24090,AllPub,940,P00940
12640,AllPub,941,P00941
8755,AllPub,942,P00942
7711,AllPub,943,P00943
25000,AllPub,944,P00944
14375,NoSeWa,945,P00945
8820,AllPub,946,P00946
8163,AllPub,947,P00947
14536,AllPub,948,P00948
14006,AllPub,949,P00949
9360,AllPub,950,P00950
7200,AllPub,951,P00951
7800,AllPub,952,P00952
7200,AllPub,953,P00953
11075,AllPub,954,P00954
9400,AllPub,955,P00955
7136,AllPub,956,P00956
1300,AllPub,957,P00957
7420,AllPub,958,P00958
8450,AllPub,959,P00959
2572,AllPub,960,P00960
7207,AllPub,961,P00961
12227,AllPub,962,P00962
2308,AllPub,963,P00963
11923,AllPub,964,P00964
11316,AllPub,965,P00965
10237,AllPub,966,P00966
9600,AllPub,967,P00967
7390,AllPub,968,P00968
5925,AllPub,969,P00969
10382,AllPub,970,P00970
10800,AllPub,971,P00971
2268,AllPub,972,P00972
7892,AllPub,973,P00973
11639,AllPub,974,P00974
11414,AllPub,975,P00975
2651,AllPub,976,P00976
5900,AllPub,977,P00977
4274,AllPub,978,P00978
9450,AllPub,979,P00979
8816,AllPub,980,P00980
12122,AllPub,981,P00981
12203,AllPub,982,P00982
3182,AllPub,983,P00983
11250,AllPub,984,P00984
10125,AllPub,985,P00985
10880,AllPub,986,P00986
5310,AllPub,987,P00987
10159,AllPub,988,P00988
12046,AllPub,989,P00989
8125,AllPub,990,P00990
9452,AllPub,991,P00991
17671,AllPub,992,P00992
9760,AllPub,993,P00993
8846,AllPub,994,P00994
12456,AllPub,995,P00995
4712,AllPub,996,P00996
10659,AllPub,997,P00997
11717,AllPub,998,P00998
9786,AllPub,999,P00999
6762,AllPub,1000,P01000
10206,AllPub,1001,P01001
5400,AllPub,1002,P01002
11957,AllPub,1003,P01003
11500,AllPub,1004,P01004
3182,AllPub,1005,P01005
8385,AllPub,1006,P01006
12155,AllPub,1007,P01007
2217,AllPub,1008,P01008
12118,AllPub,1009,P01009
6000,AllPub,1010,P01010
21286,AllPub,1011,P01011
9825,AllPub,1012,P01012
10592,AllPub,1013,P01013
7200,AllPub,1014,P01014
11664,AllPub,1015,P01015
8400,AllPub,1016,P01016
11883,AllPub,1017,P01017
5814,AllPub,1018,P01018
10784,AllPub,1019,P01019
3013,AllPub,1020,P01020
7024,AllPub,1021,P01021
7406,AllPub,1022,P01022
9439,AllPub,1023,P01023
3182,AllPub,1024,P01024
15498,AllPub,1025,P01025
7700,AllPub,1026,P01026
9300,AllPub,1027,P01027
9520,AllPub,1028,P01028
9492,AllPub,1029,P01029
1680,AllPub,1030,P01030
7082,AllPub,1031,P01031
15863,AllPub,1032,P01032
14541,AllPub,1033,P01033
8125,AllPub,1034,P01034
6305,AllPub,1035,P01035
11500,AllPub,1036,P01036
12898,AllPub,1037,P01037
9240,AllPub,1038,P01038
1533,AllPub,1039,P01039
1477,AllPub,1040,P01040
13125,AllPub,1041,P01041
9130,AllPub,1042,P01042
5381,AllPub,1043,P01043
11839,AllPub,1044,P01044
9600,AllPub,1045,P01045
13680,AllPub,1046,P01046
16056,AllPub,1047,P01047
9245,AllPub,1048,P01048
21750,AllPub,1049,P01049
11100,AllPub,1050,P01050
8993,AllPub,1051,P01051
11175,AllPub,1052,P01052
9500,AllPub,1053,P01053
8562,AllPub,1054,P01054
11367,AllPub,1055,P01055
11361,AllPub,1056,P01056
7052,AllPub,1057,P01057
29959,AllPub,1058,P01058
11308,AllPub,1059,P01059
11275,AllPub,1060,P01060
4920,AllPub,1061,P01061
18000,AllPub,1062,P01062
13600,AllPub,1063,P01063
6000,AllPub,1064,P01064
11000,AllPub,1065,P01065
14000,AllPub,1066,P01066
7837,AllPub,1067,P01067
9760,AllPub,1068,P01068
3964,AllPub,1069,P01069
9600,AllPub,1070,P01070
10152,AllPub,1071,P01071
11700,AllPub,1072,P01072
7585,AllPub,1073,P01073
7950,AllPub,1074,P01074
8556,AllPub,1075,P01075
13125,AllPub,1076,P01076
10800,AllPub,1077,P01077
15870,AllPub,1078,P01078
4435,AllPub,1079,P01079
8775,AllPub,1080,P01080
11040,AllPub,1081,P01081
7500,AllPub,1082,P01082
8749,AllPub,1083,P01083
8800,AllPub,1084,P01084
13031,AllPub,1085,P01085
9069,AllPub,1086,P01086
1974,AllPub,1087,P01087
10574,AllPub,1088,P01088
2522,AllPub,1089,P01089
3316,AllPub,1090,P01090
8544,AllPub,1091,P01091
2160,AllPub,1092,P01092
8400,AllPub,1093,P01093
9230,AllPub,1094,P01094
5868,AllPub,1095,P01095
9317,AllPub,1096,P01096
6882,AllPub,1097,P01097
3696,AllPub,1098,P01098
6000,AllPub,1099,P01099
11880,AllPub,1100,P01100
8400,AllPub,1101,P01101
9758,AllPub,1102,P01102
7000,AllPub,1103,P01103
8910,AllPub,1104,P01104
2016,AllPub,1105,P01105
12256,AllPub,1106,P01106
10357,AllPub,1107,P01107
23257,AllPub,1108,P01108
8063,AllPub,1109,P01109
11362,AllPub,1110,P01110
8000,AllPub,1111,P01111
10480,AllPub,1112,P01112
7100,AllPub,1113,P01113
8923,AllPub,1114,P01114
5400,AllPub,1115,P01115
12085,AllPub,1116,P01116
7750,AllPub,1117,P01117
9764,AllPub,1118,P01118
13825,AllPub,1119,P01119
7560,AllPub,1120,P01120
8263,AllPub,1121,P01121
10084,AllPub,1122,P01122
8926,AllPub,1123,P01123
9405,AllPub,1124,P01124
9125,AllPub,1125,P01125
10434,AllPub,1126,P01126
3684,AllPub,1127,P01127
14572,AllPub,1128,P01128
11796,AllPub,1129,P01129
7200,AllPub,1130,P01130
7804,AllPub,1131,P01131
10712,AllPub,1132,P01132
9900,AllPub,1133,P01133
9828,AllPub,1134,P01134
8773,AllPub,1135,P01135
6180,AllPub,1136,P01136
9600,AllPub,1137,P01137
6342,AllPub,1138,P01138
9819,AllPub,1139,P01139
8731,AllPub,1140,P01140
7350,AllPub,1141,P01141
10304,AllPub,1142,P01142
9965,AllPub,1143,P01143
9000,AllPub,1144,P01144
12180,AllPub,1145,P01145
6240,AllPub,1146,P01146
11200,AllPub,1147,P01147
12000,AllPub,1148,P01148
5700,AllPub,1149,P01149
9000,AllPub,1150,P01150
8280,AllPub,1151,P01151
17755,AllPub,1152,P01152
14115,AllPub,1153,P01153
5890,AllPub,1154,P01154
13700,AllPub,1155,P01155
10768,AllPub,1156,P01156
9350,AllPub,1157,P01157
5001,AllPub,1158,P01158
11932,AllPub,1159,P01159
9120,AllPub,1160,P01160
2280,AllPub,1161,P01161
14778,AllPub,1162,P01162
8724,AllPub,1163,P01163
12900,AllPub,1164,P01164
16157,AllPub,1165,P01165
9541,AllPub,1166,P01166
10475,AllPub,1167,P01167
10852,AllPub,1168,P01168
13728,AllPub,1169,P01169
35760,AllPub,1170,P01170
9880,AllPub,1171,P01171
9120,AllPub,1172,P01172
4017,AllPub,1173,P01173
18030,AllPub,1174,P01174
16560,AllPub,1175,P01175
10678,AllPub,1176,P01176
6951,AllPub,1177,P01177
3950,AllPub,1178,P01178
7681,AllPub,1179,P01179
8335,AllPub,1180,P01180
11170,AllPub,1181,P01181
5587,AllPub,1182,P01182
15623,AllPub,1183,P01183
10800,AllPub,1184,P01184
35133,AllPub,1185,P01185
9738,AllPub,1186,P01186
10615,AllPub,1187,P01187
12461,AllPub,1188,P01188
8935,AllPub,1189,P01189
7500,AllPub,1190,P01190
32463,AllPub,1191,P01191
2645,AllPub,1192,P01192
9600,AllPub,1193,P01193
4500,AllPub,1194,P01194
9364,AllPub,1195,P01195
8029,AllPub,1196,P01196
14054,AllPub,1197,P01197
8850,AllPub,1198,P01198
9100,AllPub,1199,P01199
11235,AllPub,1200,P01200
9353,AllPub,1201,P01201
10400,AllPub,1202,P01202
6000,AllPub,1203,P01203
9750,AllPub,1204,P01204
10140,AllPub,1205,P01205
14684,AllPub,1206,P01206
8900,AllPub,1207,P01207
9135,AllPub,1208,P01208
7763,AllPub,1209,P01209
10182,AllPub,1210,P01210
11218,AllPub,1211,P01211
12134,AllPub,1212,P01212
9340,AllPub,1213,P01213
10246,AllPub,1214,P01214
10205,AllPub,1215,P01215
7094,AllPub,1216,P01216
8930,AllPub,1217,P01217
8640,AllPub,1218,P01218
6240,AllPub,1219,P01219
1680,AllPub,1220,P01220
7800,AllPub,1221,P01221
8250,AllPub,1222,P01222
10496,AllPub,1223,P01223
10680,AllPub,1224,P01224
15384,AllPub,1225,P01225
10482,AllPub,1226,P01226
14598,AllPub,1227,P01227
8872,AllPub,1228,P01228
8769,AllPub,1229,P01229
7910,AllPub,1230,P01230
18890,AllPub,1231,P01231
7728,AllPub,1232,P01232
9842,AllPub,1233,P01233
12160,AllPub,1234,P01234
8525,AllPub,1235,P01235
13132,AllPub,1236,P01236
2628,AllPub,1237,P01237
12393,AllPub,1238,P01238
13072,AllPub,1239,P01239
9037,AllPub,1240,P01240
8158,AllPub,1241,P01241
9849,AllPub,1242,P01242
10625,AllPub,1243,P01243
13891,AllPub,1244,P01244
11435,AllPub,1245,P01245
12090,AllPub,1246,P01246
8125,AllPub,1247,P01247
12328,AllPub,1248,P01248
9600,AllPub,1249,P01249
7200,AllPub,1250,P01250
11160,AllPub,1251,P01251
3136,AllPub,1252,P01252
9858,AllPub,1253,P01253
17542,AllPub,1254,P01254
6931,AllPub,1255,P01255
6240,AllPub,1256,P01256
14303,AllPub,1257,P01257
4060,AllPub,1258,P01258
9587,AllPub,1259,P01259
9750,AllPub,1260,P01260
24682,AllPub,1261,P01261
9600,AllPub,1262,P01262
11250,AllPub,1263,P01263
13515,AllPub,1264,P01264
4060,AllPub,1265,P01265
3735,AllPub,1266,P01266
10120,AllPub,1267,P01267
13214,AllPub,1268,P01268
14100,AllPub,1269,P01269
11344,AllPub,1270,P01270
23595,AllPub,1271,P01271
9156,AllPub,1272,P01272
13526,AllPub,1273,P01273
11512,AllPub,1274,P01274
5362,AllPub,1275,P01275
11345,AllPub,1276,P01276
12936,AllPub,1277,P01277
17871,AllPub,1278,P01278
9473,AllPub,1279,P01279
7500,AllPub,1280,P01280
9808,AllPub,1281,P01281
8049,AllPub,1282,P01282
8800,AllPub,1283,P01283
9400,AllPub,1284,P01284
9638,AllPub,1285,P01285
6000,AllPub,1286,P01286
9790,AllPub,1287,P01287
36500,AllPub,1288,P01288
5664,AllPub,1289,P01289
11065,AllPub,1290,P01290
14112,AllPub,1291,P01291
1680,AllPub,1292,P01292
6600,AllPub,1293,P01293
10140,AllPub,1294,P01294
8172,AllPub,1295,P01295
8400,AllPub,1296,P01296
8700,AllPub,1297,P01297
3675,AllPub,1298,P01298
63887,AllPub,1299,P01299
7500,AllPub,1300,P01300
10762,AllPub,1301,P01301
7500,AllPub,1302,P01302
10120,AllPub,1303,P01303
8688,AllPub,1304,P01304
3363,AllPub,1305,P01305
13173,AllPub,1306,P01306
6955,AllPub,1307,P01307
8072,AllPub,1308,P01308
12000,AllPub,1309,P01309
7153,AllPub,1310,P01310
17500,AllPub,1311,P01311
8814,AllPub,1312,P01312
9572,AllPub,1313,P01313
14774,AllPub,1314,P01314
8190,AllPub,1315,P01315
11075,AllPub,1316,P01316
10226,AllPub,1317,P01317
4230,AllPub,1318,P01318
14781,AllPub,1319,P01319
10215,AllPub,1320,P01320
8400,AllPub,1321,P01321
6627,AllPub,1322,P01322
10186,AllPub,1323,P01323
5330,AllPub,1324,P01324
9986,AllPub,1325,P01325
3636,AllPub,1326,P01326
4270,AllPub,1327,P01327
6600,AllPub,1328,P01328
10440,AllPub,1329,P01329
9084,AllPub,1330,P01330
10000,AllPub,1331,P01331
10780,AllPub,1332,P01332
8877,AllPub,1333,P01333
7200,AllPub,1334,P01334
2368,AllPub,1335,P01335
9650,AllPub,1336,P01336
9246,AllPub,1337,P01337
4118,AllPub,1338,P01338
13450,AllPub,1339,P01339
9560,AllPub,1340,P01340
8294,AllPub,1341,P01341
13695,AllPub,1342,P01342
9375,AllPub,1343,P01343
7558,AllPub,1344,P01344
11103,AllPub,1345,P01345
6000,AllPub,1346,P01346
20781,AllPub,1347,P01347
15306,AllPub,1348,P01348
16196,AllPub,1349,P01349
5250,AllPub,1350,P01350
11643,AllPub,1351,P01351
9247,AllPub,1352,P01352
6000,AllPub,1353,P01353
14720,AllPub,1354,P01354
10316,AllPub,1355,P01355
10192,AllPub,1356,P01356
9477,AllPub,1357,P01357
12537,AllPub,1358,P01358
2117,AllPub,1359,P01359
16737,AllPub,1360,P01360
9842,AllPub,1361,P01361
16158,AllPub,1362,P01362
12513,AllPub,1363,P01363
8499,AllPub,1364,P01364
3180,AllPub,1365,P01365
7500,AllPub,1366,P01366
9179,AllPub,1367,P01367
2665,AllPub,1368,P01368
4435,AllPub,1369,P01369
10635,AllPub,1370,P01370
5400,AllPub,1371,P01371
9600,AllPub,1372,P01372
9750,AllPub,1373,P01373
11400,AllPub,1374,P01374
10625,AllPub,1375,P01375
10991,AllPub,1376,P01376
6292,AllPub,1377,P01377
10998,AllPub,1378,P01378
1953,AllPub,1379,P01379
9735,AllPub,1380,P01380
8212,AllPub,1381,P01381
12925,AllPub,1382,P01382
7200,AllPub,1383,P01383
25339,AllPub,1384,P01384
9060,AllPub,1385,P01385
5436,AllPub,1386,P01386
16692,AllPub,1387,P01387
8520,AllPub,1388,P01388
14892,AllPub,1389,P01389
6000,AllPub,1390,P01390
9100,AllPub,1391,P01391
8944,AllPub,1392,P01392
7838,AllPub,1393,P01393
10800,AllPub,1394,P01394
4045,AllPub,1395,P01395
12665,AllPub,1396,P01396
57200,AllPub,1397,P01397
6120,AllPub,1398,P01398
7200,AllPub,1399,P01399
6171,AllPub,1400,P01400
6000,AllPub,1401,P01401
7415,AllPub,1402,P01402
6762,AllPub,1403,P01403
15256,AllPub,1404,P01404
10410,AllPub,1405,P01405
3842,AllPub,1406,P01406
8445,AllPub,1407,P01407
8780,AllPub,1408,P01408
7740,AllPub,1409,P01409
20544,AllPub,1410,P01410
12420,AllPub,1411,P01411
9600,AllPub,1412,P01412
7200,AllPub,1413,P01413
10994,AllPub,1414,P01414
13053,AllPub,1415,P01415
3635,AllPub,1416,P01416
11340,AllPub,1417,P01417
16545,AllPub,1418,P01418
9204,AllPub,1419,P01419
16381,AllPub,1420,P01420
11700,AllPub,1421,P01421
4043,AllPub,1422,P01422
4435,AllPub,1423,P01423
19690,AllPub,1424,P01424
9503,AllPub,1425,P01425
10721,AllPub,1426,P01426
10944,AllPub,1427,P01427
10930,AllPub,1428,P01428
7200,AllPub,1429,P01429
12546,AllPub,1430,P01430
21930,AllPub,1431,P01431
4928,AllPub,1432,P01432
10800,AllPub,1433,P01433
10261,AllPub,1434,P01434
17400,AllPub,1435,P01435
8400,AllPub,1436,P01436
9000,AllPub,1437,P01437
12444,AllPub,1438,P01438
7407,AllPub,1439,P01439
11584,AllPub,1440,P01440
11526,AllPub,1441,P01441
4426,AllPub,1442,P01442
11003,AllPub,1443,P01443
8854,AllPub,1444,P01444
8500,AllPub,1445,P01445
8400,AllPub,1446,P01446
26142,AllPub,1447,P01447
10000,AllPub,1448,P01448
11767,AllPub,1449,P01449
1533,AllPub,1450,P01450
9000,AllPub,1451,P01451
9262,AllPub,1452,P01452
3675,AllPub,1453,P01453
17217,AllPub,1454,P01454
7500,AllPub,1455,P01455
7917,AllPub,1456,P01456
13175,AllPub,1457,P01457
9042,AllPub,1458,P01458
9717,AllPub,1459,P01459
9937,AllPub,1460,P01460
